{
   "center" : [ 106.61776733398438, 101.17526245117188, -60.722049713134766 ],
   "point_0" : [ 99.923553466796875, 100.98300170898438, -61.972179412841797 ],
   "point_1" : [ 99.938926696777344, 102.86312103271484, -61.589855194091797 ],
   "point_10" : [ 101.25953674316406, 98.12078857421875, -62.176937103271484 ],
   "point_100" : [ 111.72180938720703, 104.25361633300781, -61.254131317138672 ],
   "point_101" : [ 111.90670776367188, 102.90740203857422, -59.495155334472656 ],
   "point_102" : [ 111.95110321044922, 104.30976104736328, -59.433929443359375 ],
   "point_103" : [ 112.01112365722656, 104.76289367675781, -59.755722045898438 ],
   "point_104" : [ 111.86470031738281, 100.08968353271484, -59.970970153808594 ],
   "point_105" : [ 112.01584625244141, 100.51730346679688, -60.981239318847656 ],
   "point_106" : [ 112.49590301513672, 100.96608734130859, -60.925235748291016 ],
   "point_107" : [ 112.85640716552734, 101.45050811767578, -59.959938049316406 ],
   "point_108" : [ 112.91776275634766, 100.48963928222656, -60.692523956298828 ],
   "point_109" : [ 113.04064178466797, 99.983024597167969, -61.759632110595703 ],
   "point_11" : [ 101.40947723388672, 99.598793029785156, -59.534881591796875 ],
   "point_110" : [ 111.90670776367188, 102.90740203857422, -59.495155334472656 ],
   "point_111" : [ 112.41011047363281, 102.40606689453125, -59.876941680908203 ],
   "point_112" : [ 113.01471710205078, 102.34577941894531, -60.898284912109375 ],
   "point_12" : [ 101.42701721191406, 100.06582641601562, -59.535125732421875 ],
   "point_13" : [ 101.55470275878906, 99.088874816894531, -60.687660217285156 ],
   "point_14" : [ 101.63693237304688, 98.12548828125, -61.51788330078125 ],
   "point_15" : [ 100.90554046630859, 99.991722106933594, -62.505199432373047 ],
   "point_16" : [ 101.40947723388672, 99.598793029785156, -59.534881591796875 ],
   "point_17" : [ 101.42701721191406, 100.06582641601562, -59.535125732421875 ],
   "point_18" : [ 101.55470275878906, 99.088874816894531, -60.687660217285156 ],
   "point_19" : [ 100.90554046630859, 99.991722106933594, -62.505199432373047 ],
   "point_2" : [ 99.943695068359375, 101.91944885253906, -61.868358612060547 ],
   "point_20" : [ 101.42701721191406, 100.06582641601562, -59.535125732421875 ],
   "point_21" : [ 100.95070648193359, 102.33313751220703, -62.208080291748047 ],
   "point_22" : [ 101.06817626953125, 102.88543701171875, -59.588863372802734 ],
   "point_23" : [ 101.45735931396484, 103.83421325683594, -58.757053375244141 ],
   "point_24" : [ 101.45735931396484, 103.83421325683594, -58.757053375244141 ],
   "point_25" : [ 101.47998809814453, 104.89369964599609, -55.313003540039062 ],
   "point_26" : [ 101.67949676513672, 104.7132568359375, -60.084068298339844 ],
   "point_27" : [ 102.68013763427734, 97.119850158691406, -62.492443084716797 ],
   "point_28" : [ 103.62996673583984, 97.549278259277344, -62.435256958007812 ],
   "point_29" : [ 103.87886810302734, 97.116233825683594, -60.971549987792969 ],
   "point_3" : [ 100.01844024658203, 101.64897918701172, -55.884082794189453 ],
   "point_30" : [ 103.82499694824219, 105.37518310546875, -65.070816040039062 ],
   "point_31" : [ 102.40238952636719, 105.21241760253906, -58.393028259277344 ],
   "point_32" : [ 103.22019958496094, 105.68446350097656, -57.364471435546875 ],
   "point_33" : [ 103.63242340087891, 105.68318939208984, -56.933151245117188 ],
   "point_34" : [ 103.62996673583984, 97.549278259277344, -62.435256958007812 ],
   "point_35" : [ 103.87886810302734, 97.116233825683594, -60.971549987792969 ],
   "point_36" : [ 103.82499694824219, 105.37518310546875, -65.070816040039062 ],
   "point_37" : [ 104.70330810546875, 105.82479095458984, -64.514434814453125 ],
   "point_38" : [ 103.22019958496094, 105.68446350097656, -57.364471435546875 ],
   "point_39" : [ 103.63242340087891, 105.68318939208984, -56.933151245117188 ],
   "point_4" : [ 100.24169921875, 101.00521087646484, -60.900485992431641 ],
   "point_40" : [ 105.04508972167969, 106.09883117675781, -56.776336669921875 ],
   "point_41" : [ 104.07604217529297, 96.1256103515625, -62.638648986816406 ],
   "point_42" : [ 104.42456817626953, 96.607276916503906, -61.637832641601562 ],
   "point_43" : [ 104.85320281982422, 96.128082275390625, -61.462570190429688 ],
   "point_44" : [ 105.45263671875, 96.076492309570312, -62.397201538085938 ],
   "point_45" : [ 104.70330810546875, 105.82479095458984, -64.514434814453125 ],
   "point_46" : [ 104.38540649414062, 106.99520874023438, -58.579788208007812 ],
   "point_47" : [ 104.88954162597656, 106.96518707275391, -58.815464019775391 ],
   "point_48" : [ 104.89462280273438, 106.49089813232422, -58.979087829589844 ],
   "point_49" : [ 105.04508972167969, 106.09883117675781, -56.776336669921875 ],
   "point_5" : [ 100.85385131835938, 102.83173370361328, -61.402111053466797 ],
   "point_50" : [ 106.44064331054688, 96.026046752929688, -62.747417449951172 ],
   "point_51" : [ 106.96858978271484, 95.992172241210938, -63.172637939453125 ],
   "point_52" : [ 105.45263671875, 96.076492309570312, -62.397201538085938 ],
   "point_53" : [ 105.04508972167969, 106.09883117675781, -56.776336669921875 ],
   "point_54" : [ 106.43269348144531, 106.86488342285156, -59.757167816162109 ],
   "point_55" : [ 106.83036041259766, 106.86868286132812, -59.220386505126953 ],
   "point_56" : [ 106.44064331054688, 96.026046752929688, -62.747417449951172 ],
   "point_57" : [ 106.96858978271484, 95.992172241210938, -63.172637939453125 ],
   "point_58" : [ 107.86209869384766, 95.965469360351562, -62.837821960449219 ],
   "point_59" : [ 107.26274108886719, 96.48785400390625, -61.759117126464844 ],
   "point_6" : [ 100.95070648193359, 102.33313751220703, -62.208080291748047 ],
   "point_60" : [ 107.72573089599609, 96.470489501953125, -61.706993103027344 ],
   "point_61" : [ 106.43269348144531, 106.86488342285156, -59.757167816162109 ],
   "point_62" : [ 106.82424926757812, 107.34326171875, -59.04742431640625 ],
   "point_63" : [ 106.83036041259766, 106.86868286132812, -59.220386505126953 ],
   "point_64" : [ 107.25990295410156, 107.80790710449219, -58.657569885253906 ],
   "point_65" : [ 106.96858978271484, 95.992172241210938, -63.172637939453125 ],
   "point_66" : [ 107.86209869384766, 95.965469360351562, -62.837821960449219 ],
   "point_67" : [ 108.82990264892578, 96.859657287597656, -62.791515350341797 ],
   "point_68" : [ 107.26274108886719, 96.48785400390625, -61.759117126464844 ],
   "point_69" : [ 107.72573089599609, 96.470489501953125, -61.706993103027344 ],
   "point_7" : [ 101.06817626953125, 102.88543701171875, -59.588863372802734 ],
   "point_70" : [ 108.24495697021484, 96.438629150390625, -62.069572448730469 ],
   "point_71" : [ 109.09861755371094, 95.952125549316406, -61.561019897460938 ],
   "point_72" : [ 108.69001770019531, 106.79789733886719, -59.038291931152344 ],
   "point_73" : [ 108.82990264892578, 96.859657287597656, -62.791515350341797 ],
   "point_74" : [ 108.24495697021484, 96.438629150390625, -62.069572448730469 ],
   "point_75" : [ 109.09861755371094, 95.952125549316406, -61.561019897460938 ],
   "point_76" : [ 109.12061309814453, 96.8873291015625, -61.465091705322266 ],
   "point_77" : [ 109.19583129882812, 96.397369384765625, -62.152530670166016 ],
   "point_78" : [ 108.69001770019531, 106.79789733886719, -59.038291931152344 ],
   "point_79" : [ 109.26820373535156, 106.74343872070312, -59.835014343261719 ],
   "point_8" : [ 100.90554046630859, 99.991722106933594, -62.505199432373047 ],
   "point_80" : [ 109.68491363525391, 106.26894378662109, -59.563087463378906 ],
   "point_81" : [ 110.17897033691406, 97.287956237792969, -62.217861175537109 ],
   "point_82" : [ 110.48996734619141, 97.311111450195312, -61.030529022216797 ],
   "point_83" : [ 110.5106201171875, 97.776313781738281, -61.054252624511719 ],