{
   "center" : [ 356.37847900390625, -22.423532485961914, -49.537971496582031 ],
   "point_0" : [ 350.1015625, -24.993844985961914, -49.129405975341797 ],
   "point_1" : [ 350.14773559570312, -24.561857223510742, -48.714015960693359 ],
   "point_10" : [ 351.12686157226562, -20.372814178466797, -49.903110504150391 ],
   "point_100" : [ 361.448486328125, -24.405342102050781, -49.289199829101562 ],
   "point_101" : [ 361.47320556640625, -23.004585266113281, -49.631874084472656 ],
   "point_102" : [ 361.4803466796875, -24.535318374633789, -54.364700317382812 ],
   "point_103" : [ 361.5718994140625, -24.035625457763672, -47.947090148925781 ],
   "point_104" : [ 361.7904052734375, -23.379104614257812, -51.113727569580078 ],
   "point_105" : [ 361.94961547851562, -23.038360595703125, -49.32818603515625 ],
   "point_106" : [ 361.50961303710938, -24.830059051513672, -42.763504028320312 ],
   "point_107" : [ 361.47320556640625, -23.004585266113281, -49.631874084472656 ],
   "point_108" : [ 361.5718994140625, -24.035625457763672, -47.947090148925781 ],
   "point_109" : [ 361.7904052734375, -23.379104614257812, -51.113727569580078 ],
   "point_11" : [ 350.96633911132812, -24.504428863525391, -49.973758697509766 ],
   "point_110" : [ 361.89688110351562, -22.048019409179688, -50.426200866699219 ],
   "point_111" : [ 361.94961547851562, -23.038360595703125, -49.32818603515625 ],
   "point_112" : [ 361.622314453125, -20.285711288452148, -49.057559967041016 ],
   "point_113" : [ 361.89688110351562, -22.048019409179688, -50.426200866699219 ],
   "point_114" : [ 361.95010375976562, -20.672451019287109, -50.407711029052734 ],
   "point_115" : [ 362.01275634765625, -21.196172714233398, -49.402919769287109 ],
   "point_116" : [ 360.3671875, -17.9593505859375, -48.849773406982422 ],
   "point_117" : [ 361.17788696289062, -18.385848999023438, -49.830860137939453 ],
   "point_118" : [ 361.20724487304688, -17.936120986938477, -49.677623748779297 ],
   "point_119" : [ 361.68231201171875, -18.913764953613281, -48.954391479492188 ],
   "point_12" : [ 351.05819702148438, -25.546028137207031, -48.175212860107422 ],
   "point_120" : [ 361.47320556640625, -23.004585266113281, -49.631874084472656 ],
   "point_121" : [ 361.89688110351562, -22.048019409179688, -50.426200866699219 ],
   "point_122" : [ 361.94961547851562, -23.038360595703125, -49.32818603515625 ],
   "point_123" : [ 362.01275634765625, -21.196172714233398, -49.402919769287109 ],
   "point_124" : [ 362.35214233398438, -22.064495086669922, -50.384403228759766 ],
   "point_125" : [ 362.39901733398438, -22.576118469238281, -49.581802368164062 ],
   "point_126" : [ 362.43789672851562, -21.661170959472656, -49.527851104736328 ],
   "point_127" : [ 361.622314453125, -20.285711288452148, -49.057559967041016 ],
   "point_128" : [ 361.95010375976562, -20.672451019287109, -50.407711029052734 ],
   "point_129" : [ 362.46844482421875, -20.739505767822266, -49.577445983886719 ],
   "point_13" : [ 351.56906127929688, -25.667713165283203, -53.516048431396484 ],
   "point_130" : [ 363.01095581054688, -20.352020263671875, -48.668983459472656 ],
   "point_131" : [ 361.68231201171875, -18.913764953613281, -48.954391479492188 ],
   "point_132" : [ 362.15457153320312, -18.943130493164062, -48.707199096679688 ],
   "point_14" : [ 351.5377197265625, -23.201553344726562, -49.035079956054688 ],
   "point_15" : [ 351.55499267578125, -22.741626739501953, -49.035324096679688 ],
   "point_16" : [ 351.55499267578125, -22.741626739501953, -49.035324096679688 ],
   "point_17" : [ 351.12686157226562, -20.372814178466797, -49.903110504150391 ],
   "point_18" : [ 351.18606567382812, -19.475681304931641, -49.553081512451172 ],
   "point_19" : [ 351.19049072265625, -19.004474639892578, -49.736263275146484 ],
   "point_2" : [ 350.15341186523438, -23.614051818847656, -49.129142761230469 ],
   "point_20" : [ 352.50955200195312, -19.010963439941406, -50.298225402832031 ],
   "point_21" : [ 352.34927368164062, -26.473123550415039, -48.672313690185547 ],
   "point_22" : [ 352.13137817382812, -18.113092422485352, -49.735343933105469 ],
   "point_23" : [ 352.13674926757812, -18.592506408691406, -49.417751312255859 ],
   "point_24" : [ 352.50955200195312, -19.010963439941406, -50.298225402832031 ],
   "point_25" : [ 353.39923095703125, -18.550813674926758, -50.756877899169922 ],
   "point_26" : [ 353.42465209960938, -18.098608016967773, -50.644504547119141 ],
   "point_27" : [ 354.0008544921875, -18.21776008605957, -48.946369171142578 ],
   "point_28" : [ 353.617919921875, -27.855419158935547, -49.219535827636719 ],
   "point_29" : [ 353.39923095703125, -18.550813674926758, -50.756877899169922 ],
   "point_3" : [ 350.19900512695312, -24.134441375732422, -48.225551605224609 ],
   "point_30" : [ 353.42465209960938, -18.098608016967773, -50.644504547119141 ],
   "point_31" : [ 354.0008544921875, -18.21776008605957, -48.946369171142578 ],
   "point_32" : [ 354.095703125, -28.369224548339844, -48.644023895263672 ],
   "point_33" : [ 354.5220947265625, -28.833356857299805, -48.775325775146484 ],
   "point_34" : [ 355.08624267578125, -28.476688385009766, -47.503379821777344 ],
   "point_35" : [ 355.13290405273438, -28.044292449951172, -47.104766845703125 ],
   "point_36" : [ 353.92721557617188, -17.68098258972168, -50.195682525634766 ],
   "point_37" : [ 354.0008544921875, -18.21776008605957, -48.946369171142578 ],
   "point_38" : [ 354.39779663085938, -17.70997428894043, -49.951511383056641 ],
   "point_39" : [ 354.92532348632812, -17.786491394042969, -48.935901641845703 ],
   "point_4" : [ 350.96633911132812, -24.504428863525391, -49.973758697509766 ],
   "point_40" : [ 355.08624267578125, -28.476688385009766, -47.503379821777344 ],
   "point_41" : [ 355.13290405273438, -28.044292449951172, -47.104766845703125 ],
   "point_42" : [ 356.48379516601562, -28.551883697509766, -47.012538909912109 ],
   "point_43" : [ 356.77432250976562, -28.888055801391602, -48.955039978027344 ],
   "point_44" : [ 354.92532348632812, -17.786491394042969, -48.935901641845703 ],
   "point_45" : [ 356.9708251953125, -17.204189300537109, -52.076412200927734 ],
   "point_46" : [ 356.48379516601562, -28.551883697509766, -47.012538909912109 ],
   "point_47" : [ 356.77432250976562, -28.888055801391602, -48.955039978027344 ],
   "point_48" : [ 357.3406982421875, -29.008148193359375, -47.452587127685547 ],
   "point_49" : [ 357.35983276367188, -28.073225021362305, -47.657573699951172 ],
   "point_5" : [ 351.5377197265625, -23.201553344726562, -49.035079956054688 ],
   "point_50" : [ 357.42059326171875, -28.606311798095703, -46.624706268310547 ],
   "point_51" : [ 357.494873046875, -27.721809387207031, -46.099334716796875 ],
   "point_52" : [ 357.71630859375, -27.521535873413086, -49.162628173828125 ],
   "point_53" : [ 356.30294799804688, -15.948511123657227, -49.616012573242188 ],
   "point_54" : [ 356.90530395507812, -16.330732345581055, -59.120304107666016 ],
   "point_55" : [ 356.9708251953125, -17.204189300537109, -52.076412200927734 ],
   "point_56" : [ 357.174072265625, -16.895633697509766, -49.61358642578125 ],
   "point_57" : [ 357.25582885742188, -16.014322280883789, -48.988113403320312 ],
   "point_58" : [ 357.26388549804688, -16.494283676147461, -48.653141021728516 ],
   "point_59" : [ 357.35821533203125, -16.347719192504883, -59.069313049316406 ],
   "point_6" : [ 350.21084594726562, -21.763298034667969, -49.298545837402344 ],
   "point_60" : [ 357.35983276367188, -28.073225021362305, -47.657573699951172 ],
   "point_61" : [ 357.494873046875, -27.721809387207031, -46.099334716796875 ],
   "point_62" : [ 357.71630859375, -27.521535873413086, -49.162628173828125 ],
   "point_63" : [ 358.36471557617188, -27.714061737060547, -46.599094390869141 ],
   "point_64" : [ 358.78268432617188, -27.695064544677734, -47.0654296875 ],