{
   "center" : [ 306.71658325195312, -22.48443603515625, -53.085372924804688 ],
   "point_0" : [ 301.10757446289062, -25.958408355712891, -54.066371917724609 ],
   "point_1" : [ 301.11691284179688, -24.476799011230469, -55.562408447265625 ],
   "point_10" : [ 301.17901611328125, -22.622323989868164, -55.807220458984375 ],
   "point_100" : [ 311.04443359375, -17.095329284667969, -53.313007354736328 ],
   "point_101" : [ 310.89349365234375, -26.169876098632812, -48.446582794189453 ],
   "point_102" : [ 311.22488403320312, -25.456779479980469, -52.327400207519531 ],
   "point_103" : [ 311.24374389648438, -26.477737426757812, -50.876197814941406 ],
   "point_104" : [ 311.287841796875, -26.066677093505859, -50.149299621582031 ],
   "point_105" : [ 311.64886474609375, -26.396739959716797, -52.246784210205078 ],
   "point_106" : [ 311.22488403320312, -25.456779479980469, -52.327400207519531 ],
   "point_107" : [ 311.287841796875, -26.066677093505859, -50.149299621582031 ],
   "point_108" : [ 311.86361694335938, -24.818496704101562, -48.343955993652344 ],
   "point_109" : [ 311.8533935546875, -20.376621246337891, -52.791656494140625 ],
   "point_11" : [ 301.202392578125, -22.176881790161133, -55.593460083007812 ],
   "point_110" : [ 310.55014038085938, -17.993839263916016, -53.4356689453125 ],
   "point_111" : [ 311.43170166015625, -18.462148666381836, -53.748943328857422 ],
   "point_112" : [ 311.47003173828125, -18.037534713745117, -53.180976867675781 ],
   "point_113" : [ 311.8726806640625, -18.941259384155273, -53.663684844970703 ],
   "point_114" : [ 311.880859375, -17.977933883666992, -54.366672515869141 ],
   "point_115" : [ 311.8892822265625, -18.480369567871094, -53.680225372314453 ],
   "point_116" : [ 311.86361694335938, -24.818496704101562, -48.343955993652344 ],
   "point_117" : [ 312.22665405273438, -24.171966552734375, -51.299839019775391 ],
   "point_118" : [ 312.37472534179688, -23.449901580810547, -48.293006896972656 ],
   "point_119" : [ 312.646484375, -24.613094329833984, -51.793266296386719 ],
   "point_12" : [ 301.17901611328125, -22.622323989868164, -55.807220458984375 ],
   "point_120" : [ 312.66921997070312, -23.671173095703125, -52.105731964111328 ],
   "point_121" : [ 313.0224609375, -24.977008819580078, -53.417449951171875 ],
   "point_122" : [ 312.37472534179688, -23.449901580810547, -48.293006896972656 ],
   "point_123" : [ 312.66921997070312, -23.671173095703125, -52.105731964111328 ],
   "point_124" : [ 312.69873046875, -22.741504669189453, -52.239612579345703 ],
   "point_125" : [ 312.69873046875, -22.741504669189453, -52.239612579345703 ],
   "point_126" : [ 312.74301147460938, -21.347454071044922, -52.439403533935547 ],
   "point_127" : [ 311.8533935546875, -20.376621246337891, -52.791656494140625 ],
   "point_128" : [ 312.3284912109375, -20.423789978027344, -52.271114349365234 ],
   "point_129" : [ 311.8726806640625, -18.941259384155273, -53.663684844970703 ],
   "point_13" : [ 301.202392578125, -22.176881790161133, -55.593460083007812 ],
   "point_130" : [ 312.31256103515625, -18.930072784423828, -54.062908172607422 ],
   "point_131" : [ 312.733154296875, -19.863735198974609, -54.056037902832031 ],
   "point_132" : [ 312.81182861328125, -19.505672454833984, -52.449264526367188 ],
   "point_14" : [ 301.27249145507812, -21.338640213012695, -54.346912384033203 ],
   "point_15" : [ 301.27249145507812, -21.338640213012695, -54.346912384033203 ],
   "point_16" : [ 301.31451416015625, -20.435268402099609, -54.085922241210938 ],
   "point_17" : [ 301.31451416015625, -20.435268402099609, -54.085922241210938 ],
   "point_18" : [ 301.79876708984375, -19.515439987182617, -54.297767639160156 ],
   "point_19" : [ 301.80108642578125, -19.022960662841797, -54.812946319580078 ],
   "point_2" : [ 301.12908935546875, -24.005163192749023, -55.741889953613281 ],
   "point_20" : [ 301.39862060546875, -18.129402160644531, -54.168132781982422 ],
   "point_21" : [ 301.79876708984375, -19.515439987182617, -54.297767639160156 ],
   "point_22" : [ 301.80108642578125, -19.022960662841797, -54.812946319580078 ],
   "point_23" : [ 301.83352661132812, -18.595767974853516, -54.290973663330078 ],
   "point_24" : [ 302.29263305664062, -18.120445251464844, -54.760753631591797 ],
   "point_25" : [ 301.96820068359375, -26.866756439208984, -54.628402709960938 ],
   "point_26" : [ 301.97628784179688, -26.385135650634766, -54.942291259765625 ],
   "point_27" : [ 302.41305541992188, -26.855148315429688, -54.989971160888672 ],
   "point_28" : [ 302.9444580078125, -27.045831680297852, -52.445011138916016 ],
   "point_29" : [ 302.9622802734375, -26.586349487304688, -52.427261352539062 ],
   "point_3" : [ 301.14471435546875, -25.546077728271484, -53.366905212402344 ],
   "point_30" : [ 302.29263305664062, -18.120445251464844, -54.760753631591797 ],
   "point_31" : [ 302.78897094726562, -17.227651596069336, -54.550369262695312 ],
   "point_32" : [ 303.22427368164062, -17.200569152832031, -55.218841552734375 ],
   "point_33" : [ 304.09048461914062, -18.128440856933594, -55.528209686279297 ],
   "point_34" : [ 302.9444580078125, -27.045831680297852, -52.445011138916016 ],
   "point_35" : [ 302.9622802734375, -26.586349487304688, -52.427261352539062 ],
   "point_36" : [ 303.34033203125, -27.420501708984375, -53.867908477783203 ],
   "point_37" : [ 304.24560546875, -27.93316650390625, -53.505870819091797 ],
   "point_38" : [ 304.09048461914062, -18.128440856933594, -55.528209686279297 ],
   "point_39" : [ 304.24560546875, -27.93316650390625, -53.505870819091797 ],
   "point_4" : [ 301.5537109375, -25.44781494140625, -55.002964019775391 ],
   "point_40" : [ 305.19476318359375, -27.544990539550781, -52.863967895507812 ],
   "point_41" : [ 305.62384033203125, -27.998111724853516, -53.160003662109375 ],
   "point_42" : [ 305.71420288085938, -27.696699142456055, -50.891880035400391 ],
   "point_43" : [ 304.09048461914062, -18.128440856933594, -55.528209686279297 ],
   "point_44" : [ 304.11587524414062, -17.685157775878906, -55.266429901123047 ],
   "point_45" : [ 304.16757202148438, -17.293937683105469, -54.154083251953125 ],
   "point_46" : [ 305.06063842773438, -17.287166595458984, -54.719161987304688 ],
   "point_47" : [ 305.116455078125, -16.901500701904297, -53.506336212158203 ],
   "point_48" : [ 305.50677490234375, -17.283712387084961, -55.002410888671875 ],
   "point_49" : [ 305.97329711914062, -17.319358825683594, -54.649955749511719 ],
   "point_5" : [ 301.11691284179688, -24.476799011230469, -55.562408447265625 ],
   "point_50" : [ 305.19476318359375, -27.544990539550781, -52.863967895507812 ],
   "point_51" : [ 305.62384033203125, -27.998111724853516, -53.160003662109375 ],
   "point_52" : [ 305.71420288085938, -27.696699142456055, -50.891880035400391 ],
   "point_53" : [ 306.13345336914062, -27.629981994628906, -52.037841796875 ],
   "point_54" : [ 305.06063842773438, -17.287166595458984, -54.719161987304688 ],
   "point_55" : [ 305.116455078125, -16.901500701904297, -53.506336212158203 ],
   "point_56" : [ 305.50677490234375, -17.283712387084961, -55.002410888671875 ],
   "point_57" : [ 305.97329711914062, -17.319358825683594, -54.649955749511719 ],
   "point_58" : [ 306.47091674804688, -17.412694931030273, -53.359645843505859 ],
   "point_59" : [ 306.89019775390625, -17.35948371887207, -54.451877593994141 ],
   "point_6" : [ 301.12274169921875, -23.490222930908203, -56.571407318115234 ],
   "point_60" : [ 306.13345336914062, -27.629981994628906, -52.037841796875 ],
   "point_61" : [ 305.97329711914062, -17.319358825683594, -54.649955749511719 ],
   "point_62" : [ 306.47091674804688, -17.412694931030273, -53.359645843505859 ],
   "point_63" : [ 306.89019775390625, -17.35948371887207, -54.451877593994141 ],
   "point_64" : [ 307.8680419921875, -17.017940521240234, -52.976364135742188 ],