{
   "center" : [ 157.60224914550781, -22.275239944458008, -66.997665405273438 ],
   "point_0" : [ 151.91522216796875, -24.815940856933594, -66.567962646484375 ],
   "point_1" : [ 151.96751403808594, -25.229227066040039, -67.272216796875 ],
   "point_10" : [ 152.43705749511719, -22.540098190307617, -66.274925231933594 ],
   "point_100" : [ 162.85134887695312, -20.443632125854492, -67.69134521484375 ],
   "point_101" : [ 163.09150695800781, -21.517576217651367, -65.584716796875 ],
   "point_102" : [ 162.75205993652344, -20.06663703918457, -66.3895263671875 ],
   "point_103" : [ 162.85134887695312, -20.443632125854492, -67.69134521484375 ],
   "point_104" : [ 162.234375, -19.642463684082031, -65.591201782226562 ],
   "point_105" : [ 162.73271179199219, -19.631450653076172, -65.979927062988281 ],
   "point_106" : [ 162.67820739746094, -25.052946090698242, -67.68890380859375 ],
   "point_107" : [ 162.92320251464844, -24.785661697387695, -65.058174133300781 ],
   "point_108" : [ 163.40301513671875, -23.889616012573242, -64.849922180175781 ],
   "point_109" : [ 163.45144653320312, -23.404085159301758, -65.199935913085938 ],
   "point_11" : [ 152.04447937011719, -22.928018569946289, -67.174758911132812 ],
   "point_110" : [ 163.97142028808594, -23.823274612426758, -66.033294677734375 ],
   "point_111" : [ 163.98277282714844, -24.262731552124023, -66.357292175292969 ],
   "point_112" : [ 163.40301513671875, -23.889616012573242, -64.849922180175781 ],
   "point_113" : [ 163.45144653320312, -23.404085159301758, -65.199935913085938 ],
   "point_114" : [ 163.50614929199219, -22.465362548828125, -65.425628662109375 ],
   "point_115" : [ 163.97142028808594, -23.823274612426758, -66.033294677734375 ],
   "point_116" : [ 164.01876831054688, -22.442195892333984, -65.981460571289062 ],
   "point_117" : [ 163.09150695800781, -21.517576217651367, -65.584716796875 ],
   "point_118" : [ 163.50614929199219, -22.465362548828125, -65.425628662109375 ],
   "point_119" : [ 164.01876831054688, -22.442195892333984, -65.981460571289062 ],
   "point_12" : [ 152.14657592773438, -21.959644317626953, -67.857994079589844 ],
   "point_120" : [ 164.0804443359375, -21.499063491821289, -66.287216186523438 ],
   "point_13" : [ 152.14993286132812, -21.507610321044922, -67.716781616210938 ],
   "point_14" : [ 152.20556640625, -21.020858764648438, -68.104949951171875 ],
   "point_15" : [ 152.41970825195312, -23.002038955688477, -66.274681091308594 ],
   "point_16" : [ 152.43705749511719, -22.540098190307617, -66.274925231933594 ],
   "point_17" : [ 152.14657592773438, -21.959644317626953, -67.857994079589844 ],
   "point_18" : [ 152.14993286132812, -21.507610321044922, -67.716781616210938 ],
   "point_19" : [ 152.20556640625, -21.020858764648438, -68.104949951171875 ],
   "point_2" : [ 152.00718688964844, -24.302667617797852, -67.323028564453125 ],
   "point_20" : [ 152.25360107421875, -20.089628219604492, -68.241065979003906 ],
   "point_21" : [ 152.60249328613281, -20.178703308105469, -67.076568603515625 ],
   "point_22" : [ 152.75711059570312, -20.526641845703125, -68.825576782226562 ],
   "point_23" : [ 152.20556640625, -21.020858764648438, -68.104949951171875 ],
   "point_24" : [ 152.25360107421875, -20.089628219604492, -68.241065979003906 ],
   "point_25" : [ 152.60249328613281, -20.178703308105469, -67.076568603515625 ],
   "point_26" : [ 152.75711059570312, -20.526641845703125, -68.825576782226562 ],
   "point_27" : [ 152.18307495117188, -19.685600280761719, -67.350982666015625 ],
   "point_28" : [ 152.27291870117188, -19.177154541015625, -68.08648681640625 ],
   "point_29" : [ 153.07518005371094, -19.736495971679688, -66.990776062011719 ],
   "point_3" : [ 152.02975463867188, -25.634990692138672, -68.076866149902344 ],
   "point_30" : [ 153.26861572265625, -19.160026550292969, -68.790306091308594 ],
   "point_31" : [ 152.9071044921875, -26.146297454833984, -67.748687744140625 ],
   "point_32" : [ 153.25816345214844, -26.689474105834961, -66.775154113769531 ],
   "point_33" : [ 154.66900634765625, -26.716066360473633, -66.976860046386719 ],
   "point_34" : [ 155.08425903320312, -26.764963150024414, -66.473587036132812 ],
   "point_35" : [ 153.05168151855469, -24.24860954284668, -68.517562866210938 ],
   "point_36" : [ 153.07518005371094, -19.736495971679688, -66.990776062011719 ],
   "point_37" : [ 153.21217346191406, -18.746917724609375, -68.036750793457031 ],
   "point_38" : [ 153.26861572265625, -19.160026550292969, -68.790306091308594 ],
   "point_39" : [ 153.75901794433594, -18.706489562988281, -68.893341064453125 ],
   "point_4" : [ 153.05168151855469, -24.24860954284668, -68.517562866210938 ],
   "point_40" : [ 154.21360778808594, -18.276256561279297, -68.628822326660156 ],
   "point_41" : [ 154.66900634765625, -26.716066360473633, -66.976860046386719 ],
   "point_42" : [ 155.08425903320312, -26.764963150024414, -66.473587036132812 ],
   "point_43" : [ 154.13497924804688, -17.877269744873047, -67.640121459960938 ],
   "point_44" : [ 154.18133544921875, -16.947128295898438, -67.761322021484375 ],
   "point_45" : [ 154.19148254394531, -17.390787124633789, -68.044158935546875 ],
   "point_46" : [ 154.21360778808594, -18.276256561279297, -68.628822326660156 ],
   "point_47" : [ 155.12472534179688, -16.964393615722656, -67.934532165527344 ],
   "point_48" : [ 155.55653381347656, -16.998703002929688, -67.606498718261719 ],
   "point_49" : [ 155.08425903320312, -26.764963150024414, -66.473587036132812 ],
   "point_5" : [ 152.04243469238281, -23.379184722900391, -67.3294677734375 ],
   "point_50" : [ 155.12472534179688, -16.964393615722656, -67.934532165527344 ],
   "point_51" : [ 155.55653381347656, -16.998703002929688, -67.606498718261719 ],
   "point_52" : [ 156.11888122558594, -16.948423385620117, -68.644424438476562 ],
   "point_53" : [ 156.97171020507812, -17.024112701416016, -67.874053955078125 ],
   "point_54" : [ 156.01791381835938, -27.685136795043945, -66.900962829589844 ],
   "point_55" : [ 157.7960205078125, -27.347997665405273, -65.907928466796875 ],
   "point_56" : [ 156.041259765625, -16.098655700683594, -67.46783447265625 ],
   "point_57" : [ 156.09892272949219, -16.511611938476562, -68.253807067871094 ],
   "point_58" : [ 156.11888122558594, -16.948423385620117, -68.644424438476562 ],
   "point_59" : [ 156.96455383300781, -16.578912734985352, -67.615570068359375 ],
   "point_6" : [ 152.04447937011719, -22.928018569946289, -67.174758911132812 ],
   "point_60" : [ 156.97171020507812, -17.024112701416016, -67.874053955078125 ],
   "point_61" : [ 157.0562744140625, -16.069585800170898, -68.402328491210938 ],
   "point_62" : [ 157.94931030273438, -16.118942260742188, -68.053939819335938 ],
   "point_63" : [ 157.7960205078125, -27.347997665405273, -65.907928466796875 ],
   "point_64" : [ 156.96455383300781, -16.578912734985352, -67.615570068359375 ],
   "point_65" : [ 156.97171020507812, -17.024112701416016, -67.874053955078125 ],
   "point_66" : [ 157.0562744140625, -16.069585800170898, -68.402328491210938 ],
   "point_67" : [ 157.94931030273438, -16.118942260742188, -68.053939819335938 ],
   "point_68" : [ 158.34649658203125, -16.17603874206543, -67.349990844726562 ],
   "point_69" : [ 158.86207580566406, -16.155597686767578, -67.913337707519531 ],
   "point_7" : [ 152.11868286132812, -23.776557922363281, -68.276420593261719 ],
   "point_70" : [ 159.15046691894531, -27.416725158691406, -65.511268615722656 ],
   "point_71" : [ 159.26431274414062, -27.777917861938477, -66.928092956542969 ],
   "point_72" : [ 159.27525329589844, -17.101757049560547, -67.7496337890625 ],
   "point_73" : [ 159.59712219238281, -17.210580825805664, -66.220306396484375 ],
   "point_74" : [ 160.05055236816406, -17.231380462646484, -66.110763549804688 ],
   "point_75" : [ 159.15046691894531, -27.416725158691406, -65.511268615722656 ],