{
   "center" : [ 406.41464233398438, -22.858997344970703, -43.252815246582031 ],
   "point_0" : [ 400.38970947265625, -23.1243896484375, -44.6165771484375 ],
   "point_1" : [ 400.4434814453125, -24.096220016479492, -43.823421478271484 ],
   "point_10" : [ 400.0751953125, -22.721317291259766, -43.544357299804688 ],
   "point_100" : [ 410.21270751953125, -17.983587265014648, -43.317344665527344 ],
   "point_101" : [ 410.22265625, -17.520271301269531, -43.378498077392578 ],
   "point_102" : [ 410.61776733398438, -17.037906646728516, -43.984718322753906 ],
   "point_103" : [ 410.64218139648438, -17.986757278442383, -43.492862701416016 ],
   "point_104" : [ 410.38278198242188, -26.756814956665039, -42.915660858154297 ],
   "point_105" : [ 410.85687255859375, -26.314220428466797, -42.864475250244141 ],
   "point_106" : [ 411.04168701171875, -25.47943115234375, -41.613491058349609 ],
   "point_107" : [ 411.12637329101562, -25.287265777587891, -44.655258178710938 ],
   "point_108" : [ 411.13827514648438, -25.303562164306641, -37.182807922363281 ],
   "point_109" : [ 411.37301635742188, -24.956340789794922, -42.751609802246094 ],
   "point_11" : [ 400.47296142578125, -22.703636169433594, -44.024868011474609 ],
   "point_110" : [ 411.61721801757812, -25.792638778686523, -44.174003601074219 ],
   "point_111" : [ 411.74310302734375, -26.802402496337891, -42.845829010009766 ],
   "point_112" : [ 411.8223876953125, -24.969301223754883, -42.762340545654297 ],
   "point_113" : [ 412.09286499023438, -26.758712768554688, -43.677909851074219 ],
   "point_114" : [ 411.04168701171875, -25.47943115234375, -41.613491058349609 ],
   "point_115" : [ 411.08575439453125, -24.094491958618164, -41.678993225097656 ],
   "point_116" : [ 411.12637329101562, -25.287265777587891, -44.655258178710938 ],
   "point_117" : [ 411.13827514648438, -25.303562164306641, -37.182807922363281 ],
   "point_118" : [ 411.28005981445312, -23.966484069824219, -43.809932708740234 ],
   "point_119" : [ 411.37301635742188, -24.956340789794922, -42.751609802246094 ],
   "point_12" : [ 400.985107421875, -22.753131866455078, -43.479145050048828 ],
   "point_120" : [ 411.61721801757812, -25.792638778686523, -44.174003601074219 ],
   "point_121" : [ 411.8223876953125, -24.969301223754883, -42.762340545654297 ],
   "point_122" : [ 411.27383422851562, -23.728940963745117, -47.586639404296875 ],
   "point_123" : [ 411.08575439453125, -24.094491958618164, -41.678993225097656 ],
   "point_124" : [ 411.28005981445312, -23.966484069824219, -43.809932708740234 ],
   "point_125" : [ 411.37301635742188, -24.956340789794922, -42.751609802246094 ],
   "point_126" : [ 411.52139282226562, -23.160600662231445, -42.094497680664062 ],
   "point_127" : [ 411.8223876953125, -24.969301223754883, -42.762340545654297 ],
   "point_128" : [ 411.27383422851562, -23.728940963745117, -47.586639404296875 ],
   "point_129" : [ 411.32443237304688, -22.822050094604492, -47.452472686767578 ],
   "point_13" : [ 399.96783447265625, -21.718833923339844, -44.821769714355469 ],
   "point_130" : [ 411.08575439453125, -24.094491958618164, -41.678993225097656 ],
   "point_131" : [ 411.28005981445312, -23.966484069824219, -43.809932708740234 ],
   "point_132" : [ 411.4537353515625, -22.654535293579102, -42.799423217773438 ],
   "point_133" : [ 411.52139282226562, -23.160600662231445, -42.094497680664062 ],
   "point_134" : [ 411.32443237304688, -22.822050094604492, -47.452472686767578 ],
   "point_135" : [ 411.38540649414062, -21.211380004882812, -43.796306610107422 ],
   "point_136" : [ 411.4537353515625, -22.654535293579102, -42.799423217773438 ],
   "point_137" : [ 411.15432739257812, -20.376224517822266, -42.260894775390625 ],
   "point_138" : [ 411.35140991210938, -20.256643295288086, -44.364810943603516 ],
   "point_139" : [ 411.38540649414062, -21.211380004882812, -43.796306610107422 ],
   "point_14" : [ 399.9969482421875, -20.79680061340332, -44.87127685546875 ],
   "point_140" : [ 411.85418701171875, -20.766529083251953, -43.786144256591797 ],
   "point_141" : [ 411.9613037109375, -20.354286193847656, -43.044178009033203 ],
   "point_142" : [ 410.21270751953125, -17.983587265014648, -43.317344665527344 ],
   "point_143" : [ 410.64218139648438, -17.986757278442383, -43.492862701416016 ],
   "point_144" : [ 410.74908447265625, -19.448177337646484, -42.168857574462891 ],
   "point_145" : [ 411.01885986328125, -19.836189270019531, -43.531414031982422 ],
   "point_146" : [ 411.13275146484375, -19.427055358886719, -42.728111267089844 ],
   "point_147" : [ 411.14361572265625, -18.963953018188477, -42.781665802001953 ],
   "point_148" : [ 411.47018432617188, -18.445642471313477, -43.953342437744141 ],
   "point_149" : [ 411.48480224609375, -18.921371459960938, -43.689144134521484 ],
   "point_15" : [ 400.4112548828125, -21.728317260742188, -44.888576507568359 ],
   "point_150" : [ 411.57122802734375, -18.029050827026367, -43.259262084960938 ],
   "point_151" : [ 411.57598876953125, -19.437116622924805, -42.789539337158203 ],
   "point_16" : [ 400.87295532226562, -20.809856414794922, -45.099876403808594 ],
   "point_17" : [ 401.8131103515625, -19.921457290649414, -45.061305999755859 ],
   "point_18" : [ 400.49502563476562, -20.368307113647461, -44.60272216796875 ],
   "point_19" : [ 400.50616455078125, -20.844121932983398, -44.347511291503906 ],
   "point_2" : [ 400.4508056640625, -25.041168212890625, -43.447376251220703 ],
   "point_20" : [ 401.15762329101562, -25.890262603759766, -44.885398864746094 ],
   "point_21" : [ 400.91500854492188, -26.003665924072266, -43.022228240966797 ],
   "point_22" : [ 401.63088989257812, -26.387516021728516, -44.530963897705078 ],
   "point_23" : [ 401.72000122070312, -26.912269592285156, -43.584381103515625 ],
   "point_24" : [ 401.15762329101562, -25.890262603759766, -44.885398864746094 ],
   "point_25" : [ 400.91500854492188, -26.003665924072266, -43.022228240966797 ],
   "point_26" : [ 401.8131103515625, -19.921457290649414, -45.061305999755859 ],
   "point_27" : [ 401.46954345703125, -19.498485565185547, -44.262195587158203 ],
   "point_28" : [ 402.40109252929688, -19.073616027832031, -44.151767730712891 ],
   "point_29" : [ 402.46383666992188, -19.577651977539062, -43.444217681884766 ],
   "point_3" : [ 400.0751953125, -22.721317291259766, -43.544357299804688 ],
   "point_30" : [ 402.174560546875, -27.868930816650391, -43.248172760009766 ],
   "point_31" : [ 402.55419921875, -27.83837890625, -43.880405426025391 ],
   "point_32" : [ 402.39889526367188, -18.134336471557617, -44.477584838867188 ],
   "point_33" : [ 402.40109252929688, -19.073616027832031, -44.151767730712891 ],
   "point_34" : [ 402.46383666992188, -19.577651977539062, -43.444217681884766 ],
   "point_35" : [ 403.45294189453125, -18.476093292236328, -39.162189483642578 ],
   "point_36" : [ 403.11996459960938, -28.864048004150391, -42.564739227294922 ],
   "point_37" : [ 403.41748046875, -28.311935424804688, -44.067958831787109 ],
   "point_38" : [ 404.38165283203125, -28.377275466918945, -43.522323608398438 ],
   "point_39" : [ 404.5457763671875, -28.00689697265625, -42.242347717285156 ],
   "point_4" : [ 400.38970947265625, -23.1243896484375, -44.6165771484375 ],
   "point_40" : [ 404.81112670898438, -28.377695083618164, -43.70904541015625 ],
   "point_41" : [ 404.8751220703125, -27.946380615234375, -43.303318023681641 ],
   "point_42" : [ 403.39999389648438, -17.747112274169922, -43.754905700683594 ],
   "point_43" : [ 403.45294189453125, -18.476093292236328, -39.162189483642578 ],
   "point_44" : [ 404.5457763671875, -28.00689697265625, -42.242347717285156 ],
   "point_45" : [ 404.8751220703125, -27.946380615234375, -43.303318023681641 ],
   "point_46" : [ 404.747314453125, -15.911686897277832, -44.403148651123047 ],
   "point_47" : [ 405.1610107421875, -15.906598091125488, -44.723232269287109 ],