{
   "center" : [ 257.59524536132812, -22.220941543579102, -58.784835815429688 ],
   "point_0" : [ 251.3414306640625, -22.581026077270508, -61.600608825683594 ],
   "point_1" : [ 251.36741638183594, -21.702812194824219, -60.981391906738281 ],
   "point_10" : [ 251.91156005859375, -19.039207458496094, -59.709636688232422 ],
   "point_100" : [ 263.08160400390625, -26.409374237060547, -57.852287292480469 ],
   "point_101" : [ 262.721923828125, -23.727577209472656, -56.449920654296875 ],
   "point_102" : [ 262.721923828125, -23.727577209472656, -56.449920654296875 ],
   "point_103" : [ 262.75656127929688, -22.805717468261719, -56.450401306152344 ],
   "point_104" : [ 262.75656127929688, -22.805717468261719, -56.450401306152344 ],
   "point_105" : [ 262.810546875, -21.389476776123047, -56.965156555175781 ],
   "point_106" : [ 262.88818359375, -19.593868255615234, -63.435821533203125 ],
   "point_107" : [ 261.98233032226562, -19.038959503173828, -57.268051147460938 ],
   "point_108" : [ 262.44546508789062, -18.978160858154297, -58.451927185058594 ],
   "point_109" : [ 262.88278198242188, -19.498424530029297, -57.723945617675781 ],
   "point_11" : [ 252.82041931152344, -19.474586486816406, -60.534568786621094 ],
   "point_110" : [ 262.9005126953125, -19.030662536621094, -57.840377807617188 ],
   "point_111" : [ 262.65335083007812, -25.559688568115234, -56.618320465087891 ],
   "point_112" : [ 263.1470947265625, -24.634746551513672, -56.867809295654297 ],
   "point_113" : [ 263.16796875, -24.108997344970703, -57.832122802734375 ],
   "point_114" : [ 263.55535888671875, -25.986869812011719, -57.501060485839844 ],
   "point_115" : [ 263.57241821289062, -25.530590057373047, -57.440017700195312 ],
   "point_116" : [ 263.59130859375, -25.038051605224609, -57.909847259521484 ],
   "point_117" : [ 263.607177734375, -24.606479644775391, -57.486198425292969 ],
   "point_118" : [ 263.62625122070312, -24.109775543212891, -58.023597717285156 ],
   "point_119" : [ 263.32318115234375, -20.124887466430664, -62.517524719238281 ],
   "point_12" : [ 252.82768249511719, -19.065448760986328, -59.734169006347656 ],
   "point_120" : [ 262.810546875, -21.389476776123047, -56.965156555175781 ],
   "point_121" : [ 263.25433349609375, -21.809051513671875, -57.804237365722656 ],
   "point_122" : [ 263.70977783203125, -21.867227554321289, -57.126407623291016 ],
   "point_123" : [ 263.72882080078125, -21.371379852294922, -57.667606353759766 ],
   "point_124" : [ 263.74740600585938, -20.885280609130859, -58.064849853515625 ],
   "point_125" : [ 263.762451171875, -20.470363616943359, -57.360023498535156 ],
   "point_13" : [ 252.20460510253906, -24.722526550292969, -64.275505065917969 ],
   "point_14" : [ 252.64155578613281, -24.839263916015625, -62.765750885009766 ],
   "point_15" : [ 253.07490539550781, -26.069747924804688, -65.063461303710938 ],
   "point_16" : [ 252.56257629394531, -25.99860954284668, -59.270500183105469 ],
   "point_17" : [ 252.58659362792969, -25.501911163330078, -59.800712585449219 ],
   "point_18" : [ 252.98471069335938, -25.848426818847656, -54.957275390625 ],
   "point_19" : [ 252.20460510253906, -24.722526550292969, -64.275505065917969 ],
   "point_2" : [ 250.95182800292969, -20.355075836181641, -60.281990051269531 ],
   "point_20" : [ 252.26719665527344, -23.291202545166016, -65.115005493164062 ],
   "point_21" : [ 252.64155578613281, -24.839263916015625, -62.765750885009766 ],
   "point_22" : [ 252.26719665527344, -23.291202545166016, -65.115005493164062 ],
   "point_23" : [ 251.90048217773438, -19.469608306884766, -60.176860809326172 ],
   "point_24" : [ 251.91156005859375, -19.039207458496094, -59.709636688232422 ],
   "point_25" : [ 251.93382263183594, -18.555549621582031, -60.084217071533203 ],
   "point_26" : [ 252.82041931152344, -19.474586486816406, -60.534568786621094 ],
   "point_27" : [ 252.82768249511719, -19.065448760986328, -59.734169006347656 ],
   "point_28" : [ 252.84373474121094, -18.611457824707031, -59.637351989746094 ],
   "point_29" : [ 253.31214904785156, -18.570686340332031, -60.507183074951172 ],
   "point_3" : [ 251.36741638183594, -21.702812194824219, -60.981391906738281 ],
   "point_30" : [ 253.77116394042969, -18.576324462890625, -60.638595581054688 ],
   "point_31" : [ 253.07490539550781, -26.069747924804688, -65.063461303710938 ],
   "point_32" : [ 252.98471069335938, -25.848426818847656, -54.957275390625 ],
   "point_33" : [ 253.90385437011719, -26.591991424560547, -57.94158935546875 ],
   "point_34" : [ 254.34439086914062, -27.069890975952148, -57.889797210693359 ],
   "point_35" : [ 254.38175964355469, -26.48438835144043, -59.684051513671875 ],
   "point_36" : [ 253.31214904785156, -18.570686340332031, -60.507183074951172 ],
   "point_37" : [ 253.77116394042969, -18.576324462890625, -60.638595581054688 ],
   "point_38" : [ 253.90385437011719, -26.591991424560547, -57.94158935546875 ],
   "point_39" : [ 254.34439086914062, -27.069890975952148, -57.889797210693359 ],
   "point_4" : [ 251.85055541992188, -20.840244293212891, -60.318820953369141 ],
   "point_40" : [ 254.38175964355469, -26.48438835144043, -59.684051513671875 ],
   "point_41" : [ 254.71783447265625, -17.699790954589844, -60.397789001464844 ],
   "point_42" : [ 254.74029541015625, -17.210678100585938, -60.873714447021484 ],
   "point_43" : [ 255.64234924316406, -17.313989639282227, -59.652629852294922 ],
   "point_44" : [ 255.6480712890625, -16.924165725708008, -58.50921630859375 ],
   "point_45" : [ 255.68333435058594, -28.042646408081055, -57.737861633300781 ],
   "point_46" : [ 255.69511413574219, -27.620647430419922, -57.187606811523438 ],
   "point_47" : [ 256.14071655273438, -27.728569030761719, -55.846694946289062 ],
   "point_48" : [ 256.60995483398438, -27.664749145507812, -56.946121215820312 ],
   "point_49" : [ 257.06109619140625, -27.737207412719727, -56.109268188476562 ],
   "point_5" : [ 250.95182800292969, -20.355075836181641, -60.281990051269531 ],
   "point_50" : [ 255.20195007324219, -16.839994430541992, -59.652908325195312 ],
   "point_51" : [ 255.64234924316406, -17.313989639282227, -59.652629852294922 ],
   "point_52" : [ 255.6480712890625, -16.924165725708008, -58.50921630859375 ],
   "point_53" : [ 255.66596984863281, -16.459959030151367, -58.570945739746094 ],
   "point_54" : [ 256.13406372070312, -16.410804748535156, -59.6068115234375 ],
   "point_55" : [ 256.15499877929688, -15.927921295166016, -59.984725952148438 ],
   "point_56" : [ 256.58993530273438, -16.43621826171875, -59.419830322265625 ],
   "point_57" : [ 256.61563110351562, -15.921293258666992, -60.325462341308594 ],
   "point_58" : [ 256.14071655273438, -27.728569030761719, -55.846694946289062 ],
   "point_59" : [ 256.60995483398438, -27.664749145507812, -56.946121215820312 ],
   "point_6" : [ 251.85055541992188, -20.840244293212891, -60.318820953369141 ],
   "point_60" : [ 257.06109619140625, -27.737207412719727, -56.109268188476562 ],
   "point_61" : [ 257.52978515625, -27.668903350830078, -57.27191162109375 ],
   "point_62" : [ 257.93368530273438, -17.356386184692383, -60.096168518066406 ],
   "point_63" : [ 257.06109619140625, -27.737207412719727, -56.109268188476562 ],
   "point_64" : [ 257.52978515625, -27.668903350830078, -57.27191162109375 ],
   "point_65" : [ 258.90164184570312, -27.739631652832031, -56.844547271728516 ],
   "point_66" : [ 257.51995849609375, -16.021703720092773, -59.131645202636719 ],
   "point_67" : [ 257.93368530273438, -17.356386184692383, -60.096168518066406 ],
   "point_68" : [ 258.43084716796875, -16.084453582763672, -58.559589385986328 ],
   "point_69" : [ 258.88906860351562, -16.094810485839844, -58.620071411132812 ],
   "point_7" : [ 251.44087219238281, -19.843597412109375, -61.303688049316406 ],
   "point_70" : [ 258.90164184570312, -27.739631652832031, -56.844547271728516 ],