{
   "center" : [ 107.93090057373047, -22.319700241088867, -71.948997497558594 ],
   "point_0" : [ 102.27858734130859, -22.990367889404297, -71.652450561523438 ],
   "point_1" : [ 102.36945343017578, -23.400796890258789, -72.414909362792969 ],
   "point_10" : [ 101.94628143310547, -22.459659576416016, -72.473953247070312 ],
   "point_100" : [ 113.46011352539062, -23.773500442504883, -71.7681884765625 ],
   "point_101" : [ 113.49725341796875, -23.30189323425293, -71.918083190917969 ],
   "point_102" : [ 113.53891754150391, -21.922760009765625, -71.840721130371094 ],
   "point_103" : [ 113.93015289306641, -23.784824371337891, -71.803131103515625 ],
   "point_104" : [ 113.99762725830078, -23.297660827636719, -72.183692932128906 ],
   "point_105" : [ 114.02111053466797, -21.928068161010742, -71.968170166015625 ],
   "point_106" : [ 113.06889343261719, -21.005411148071289, -71.544990539550781 ],
   "point_107" : [ 113.53891754150391, -21.922760009765625, -71.840721130371094 ],
   "point_108" : [ 113.62995147705078, -20.971851348876953, -72.26763916015625 ],
   "point_109" : [ 113.96407318115234, -21.503881454467773, -71.404289245605469 ],
   "point_11" : [ 102.27858734130859, -22.990367889404297, -71.652450561523438 ],
   "point_110" : [ 114.0048828125, -21.030582427978516, -71.5826416015625 ],
   "point_111" : [ 114.02111053466797, -21.928068161010742, -71.968170166015625 ],
   "point_112" : [ 113.05330657958984, -20.559976577758789, -71.297027587890625 ],
   "point_113" : [ 113.06889343261719, -21.005411148071289, -71.544990539550781 ],
   "point_114" : [ 113.53891754150391, -21.922760009765625, -71.840721130371094 ],
   "point_115" : [ 113.62161254882812, -20.52320671081543, -72.073677062988281 ],
   "point_116" : [ 113.62995147705078, -20.971851348876953, -72.26763916015625 ],
   "point_117" : [ 113.96407318115234, -21.503881454467773, -71.404289245605469 ],
   "point_118" : [ 114.0048828125, -21.030582427978516, -71.5826416015625 ],
   "point_119" : [ 114.02111053466797, -21.928068161010742, -71.968170166015625 ],
   "point_12" : [ 102.38407897949219, -21.125511169433594, -71.907791137695312 ],
   "point_13" : [ 101.98985290527344, -20.624570846557617, -72.293510437011719 ],
   "point_14" : [ 102.38407897949219, -21.125511169433594, -71.907791137695312 ],
   "point_15" : [ 102.8604736328125, -20.6807861328125, -71.856353759765625 ],
   "point_16" : [ 101.98985290527344, -20.624570846557617, -72.293510437011719 ],
   "point_17" : [ 102.8604736328125, -20.6807861328125, -71.856353759765625 ],
   "point_18" : [ 102.00998687744141, -19.707565307617188, -72.191566467285156 ],
   "point_19" : [ 102.89942169189453, -19.300918579101562, -71.764305114746094 ],
   "point_2" : [ 102.39499664306641, -24.748371124267578, -72.96087646484375 ],
   "point_20" : [ 103.67659759521484, -25.29936408996582, -72.258964538574219 ],
   "point_21" : [ 104.01101684570312, -25.831476211547852, -71.4442138671875 ],
   "point_22" : [ 102.93462371826172, -18.830905914306641, -71.890830993652344 ],
   "point_23" : [ 104.3070068359375, -18.884687423706055, -71.702278137207031 ],
   "point_24" : [ 104.31678009033203, -18.426168441772461, -71.648452758789062 ],
   "point_25" : [ 104.01101684570312, -25.831476211547852, -71.4442138671875 ],
   "point_26" : [ 104.02439117431641, -16.972381591796875, -72.51678466796875 ],
   "point_27" : [ 104.08347320556641, -17.399999618530273, -73.060401916503906 ],
   "point_28" : [ 104.12748718261719, -17.833934783935547, -73.496849060058594 ],
   "point_29" : [ 104.3070068359375, -18.884687423706055, -71.702278137207031 ],
   "point_3" : [ 102.70301055908203, -23.931665420532227, -71.600265502929688 ],
   "point_30" : [ 104.31678009033203, -18.426168441772461, -71.648452758789062 ],
   "point_31" : [ 104.61943054199219, -16.929109573364258, -73.4381103515625 ],
   "point_32" : [ 104.83557891845703, -17.508264541625977, -71.77642822265625 ],
   "point_33" : [ 105.38453674316406, -17.031169891357422, -72.246429443359375 ],
   "point_34" : [ 105.5660400390625, -17.856805801391602, -73.797775268554688 ],
   "point_35" : [ 105.875732421875, -17.033866882324219, -72.42803955078125 ],
   "point_36" : [ 105.37345123291016, -27.703413009643555, -71.6790771484375 ],
   "point_37" : [ 105.45993804931641, -26.75340461730957, -72.051605224609375 ],
   "point_38" : [ 105.91877746582031, -26.770612716674805, -71.999946594238281 ],
   "point_39" : [ 105.45993804931641, -26.75340461730957, -72.051605224609375 ],
   "point_4" : [ 102.70429992675781, -24.838224411010742, -71.854156494140625 ],
   "point_40" : [ 105.91877746582031, -26.770612716674805, -71.999946594238281 ],
   "point_41" : [ 105.38453674316406, -17.031169891357422, -72.246429443359375 ],
   "point_42" : [ 105.5660400390625, -17.856805801391602, -73.797775268554688 ],
   "point_43" : [ 105.875732421875, -17.033866882324219, -72.42803955078125 ],
   "point_44" : [ 106.7900390625, -17.069664001464844, -72.302375793457031 ],
   "point_45" : [ 106.63609313964844, -28.267339706420898, -70.821266174316406 ],
   "point_46" : [ 107.14643859863281, -27.80491828918457, -71.014846801757812 ],
   "point_47" : [ 107.65283203125, -27.797580718994141, -71.307327270507812 ],
   "point_48" : [ 107.65647888183594, -28.701255798339844, -71.586250305175781 ],
   "point_49" : [ 107.71515655517578, -28.217832565307617, -71.887702941894531 ],
   "point_5" : [ 102.89475250244141, -24.292549133300781, -73.077499389648438 ],
   "point_50" : [ 106.7900390625, -17.069664001464844, -72.302375793457031 ],
   "point_51" : [ 107.17421722412109, -17.574466705322266, -71.835205078125 ],
   "point_52" : [ 107.14643859863281, -27.80491828918457, -71.014846801757812 ],
   "point_53" : [ 107.65283203125, -27.797580718994141, -71.307327270507812 ],
   "point_54" : [ 107.17421722412109, -17.574466705322266, -71.835205078125 ],
   "point_55" : [ 108.66578674316406, -17.119794845581055, -72.39581298828125 ],
   "point_56" : [ 108.66275787353516, -28.688907623291016, -72.131019592285156 ],
   "point_57" : [ 108.96556854248047, -28.335960388183594, -70.806373596191406 ],
   "point_58" : [ 109.14257049560547, -27.790090560913086, -71.980377197265625 ],
   "point_59" : [ 109.44123840332031, -28.344444274902344, -70.876449584960938 ],
   "point_6" : [ 101.94628143310547, -22.459659576416016, -72.473953247070312 ],
   "point_60" : [ 109.50144195556641, -27.407062530517578, -71.064903259277344 ],
   "point_61" : [ 109.97688293457031, -28.77354621887207, -71.518562316894531 ],
   "point_62" : [ 110.03147888183594, -27.839553833007812, -71.666236877441406 ],
   "point_63" : [ 110.04522705078125, -28.284719467163086, -71.895973205566406 ],
   "point_64" : [ 108.66578674316406, -17.119794845581055, -72.39581298828125 ],
   "point_65" : [ 108.68406677246094, -16.657886505126953, -72.402961730957031 ],
   "point_66" : [ 109.69143676757812, -16.197772979736328, -72.837196350097656 ],
   "point_67" : [ 110.02031707763672, -16.727565765380859, -71.956016540527344 ],
   "point_68" : [ 110.06459808349609, -17.614156723022461, -72.539154052734375 ],
   "point_69" : [ 109.14257049560547, -27.790090560913086, -71.980377197265625 ],
   "point_7" : [ 102.27858734130859, -22.990367889404297, -71.652450561523438 ],
   "point_70" : [ 109.50144195556641, -27.407062530517578, -71.064903259277344 ],
   "point_71" : [ 110.03147888183594, -27.839553833007812, -71.666236877441406 ],
   "point_72" : [ 110.84635925292969, -27.928554534912109, -70.798973083496094 ],
   "point_73" : [ 110.95497894287109, -26.965728759765625, -71.349403381347656 ],
   "point_74" : [ 110.984619140625, -18.100330352783203, -72.587356567382812 ],
   "point_75" : [ 110.06459808349609, -17.614156723022461, -72.539154052734375 ],
   "point_76" : [ 110.59422302246094, -17.598274230957031, -73.015045166015625 ],
   "point_77" : [ 110.984619140625, -18.100330352783203, -72.587356567382812 ],