{
   "center" : [ 58.054180145263672, 100.77260589599609, -66.243217468261719 ],
   "point_0" : [ 52.125156402587891, 99.971488952636719, -67.447700500488281 ],
   "point_1" : [ 52.143726348876953, 99.575668334960938, -65.072425842285156 ],
   "point_10" : [ 52.161270141601562, 100.04268646240234, -65.072669982910156 ],
   "point_100" : [ 61.463336944580078, 96.322151184082031, -67.520309448242188 ],
   "point_101" : [ 61.771530151367188, 96.335556030273438, -66.589492797851562 ],
   "point_102" : [ 62.607284545898438, 97.258506774902344, -65.769035339355469 ],
   "point_103" : [ 62.840652465820312, 97.680183410644531, -67.002571105957031 ],
   "point_104" : [ 62.607284545898438, 97.258506774902344, -65.769035339355469 ],
   "point_105" : [ 62.622306823730469, 98.195281982421875, -65.655227661132812 ],
   "point_106" : [ 62.714759826660156, 98.645805358886719, -66.083663940429688 ],
   "point_107" : [ 62.840652465820312, 97.680183410644531, -67.002571105957031 ],
   "point_108" : [ 62.067779541015625, 103.87995147705078, -63.990886688232422 ],
   "point_109" : [ 62.3309326171875, 103.34729766845703, -65.592308044433594 ],
   "point_11" : [ 52.553329467773438, 99.021903991699219, -67.395065307617188 ],
   "point_110" : [ 62.472579956054688, 103.87657165527344, -63.599449157714844 ],
   "point_111" : [ 62.665828704833984, 103.36003112792969, -64.804786682128906 ],
   "point_112" : [ 63.083965301513672, 103.35334014892578, -64.491058349609375 ],
   "point_113" : [ 62.622306823730469, 98.195281982421875, -65.655227661132812 ],
   "point_114" : [ 62.714759826660156, 98.645805358886719, -66.083663940429688 ],
   "point_115" : [ 63.376029968261719, 99.995147705078125, -66.865676879882812 ],
   "point_116" : [ 63.648277282714844, 100.01954650878906, -65.718696594238281 ],
   "point_117" : [ 63.659820556640625, 99.546966552734375, -65.885292053222656 ],
   "point_118" : [ 63.68670654296875, 98.131668090820312, -66.340492248535156 ],
   "point_119" : [ 63.816303253173828, 98.573928833007812, -66.984237670898438 ],
   "point_12" : [ 52.02935791015625, 100.85093688964844, -69.300468444824219 ],
   "point_120" : [ 63.376029968261719, 99.995147705078125, -66.865676879882812 ],
   "point_121" : [ 63.462787628173828, 100.53074645996094, -64.553123474121094 ],
   "point_122" : [ 63.648277282714844, 100.01954650878906, -65.718696594238281 ],
   "point_123" : [ 63.659820556640625, 99.546966552734375, -65.885292053222656 ],
   "point_124" : [ 63.189464569091797, 101.91696166992188, -65.396392822265625 ],
   "point_125" : [ 63.376029968261719, 99.995147705078125, -66.865676879882812 ],
   "point_126" : [ 63.462787628173828, 100.53074645996094, -64.553123474121094 ],
   "point_127" : [ 63.648277282714844, 100.01954650878906, -65.718696594238281 ],
   "point_128" : [ 63.705486297607422, 101.88758850097656, -65.645835876464844 ],
   "point_129" : [ 63.808181762695312, 101.39412689208984, -66.336067199707031 ],
   "point_13" : [ 52.046836853027344, 101.31632995605469, -69.300712585449219 ],
   "point_130" : [ 63.995864868164062, 101.90976715087891, -64.597541809082031 ],
   "point_131" : [ 63.132858276367188, 102.87111663818359, -64.871574401855469 ],
   "point_132" : [ 63.189464569091797, 101.91696166992188, -65.396392822265625 ],
   "point_133" : [ 63.705486297607422, 101.88758850097656, -65.645835876464844 ],
   "point_134" : [ 63.808181762695312, 101.39412689208984, -66.336067199707031 ],
   "point_135" : [ 63.826560974121094, 102.80017852783203, -66.140701293945312 ],
   "point_136" : [ 63.995864868164062, 101.90976715087891, -64.597541809082031 ],
   "point_14" : [ 52.125156402587891, 99.971488952636719, -67.447700500488281 ],
   "point_15" : [ 52.161270141601562, 100.04268646240234, -65.072669982910156 ],
   "point_16" : [ 51.981010437011719, 102.90788269042969, -63.520431518554688 ],
   "point_17" : [ 51.992755889892578, 102.82041931152344, -66.159881591796875 ],
   "point_18" : [ 52.046836853027344, 101.31632995605469, -69.300712585449219 ],
   "point_19" : [ 52.081802368164062, 102.24712371826172, -69.301200866699219 ],
   "point_2" : [ 52.161270141601562, 100.04268646240234, -65.072669982910156 ],
   "point_20" : [ 52.099281311035156, 102.71250915527344, -69.30145263671875 ],
   "point_21" : [ 52.248985290527344, 102.37787628173828, -65.073905944824219 ],
   "point_22" : [ 51.981010437011719, 102.90788269042969, -63.520431518554688 ],
   "point_23" : [ 51.992755889892578, 102.82041931152344, -66.159881591796875 ],
   "point_24" : [ 52.027812957763672, 103.753662109375, -66.160369873046875 ],
   "point_25" : [ 52.081802368164062, 102.24712371826172, -69.301200866699219 ],
   "point_26" : [ 52.099281311035156, 102.71250915527344, -69.30145263671875 ],
   "point_27" : [ 52.248985290527344, 102.37787628173828, -65.073905944824219 ],
   "point_28" : [ 52.531013488769531, 103.2569580078125, -66.418266296386719 ],
   "point_29" : [ 53.489223480224609, 103.51188659667969, -71.538261413574219 ],
   "point_3" : [ 52.184719085693359, 98.626304626464844, -65.485633850097656 ],
   "point_30" : [ 53.644721984863281, 97.14990234375, -65.989151000976562 ],
   "point_31" : [ 54.071495056152344, 97.139747619628906, -65.734512329101562 ],
   "point_32" : [ 53.084877014160156, 104.63040924072266, -66.572586059570312 ],
   "point_33" : [ 53.158905029296875, 104.14315795898438, -67.071739196777344 ],
   "point_34" : [ 53.489223480224609, 103.51188659667969, -71.538261413574219 ],
   "point_35" : [ 54.071495056152344, 97.139747619628906, -65.734512329101562 ],
   "point_36" : [ 55.0362548828125, 106.04257965087891, -64.002395629882812 ],
   "point_37" : [ 55.709259033203125, 105.97532653808594, -65.103614807128906 ],
   "point_38" : [ 55.427597045898438, 96.624305725097656, -65.480133056640625 ],
   "point_39" : [ 55.787765502929688, 96.084953308105469, -67.564933776855469 ],
   "point_4" : [ 52.399627685546875, 98.113258361816406, -66.749221801757812 ],
   "point_40" : [ 56.407932281494141, 96.037315368652344, -68.382514953613281 ],
   "point_41" : [ 56.507305145263672, 96.090065002441406, -66.31610107421875 ],
   "point_42" : [ 55.0362548828125, 106.04257965087891, -64.002395629882812 ],
   "point_43" : [ 55.709259033203125, 105.97532653808594, -65.103614807128906 ],
   "point_44" : [ 56.435092926025391, 105.89524841308594, -66.502853393554688 ],
   "point_45" : [ 56.407932281494141, 96.037315368652344, -68.382514953613281 ],
   "point_46" : [ 56.507305145263672, 96.090065002441406, -66.31610107421875 ],
   "point_47" : [ 57.190357208251953, 96.49951171875, -67.387496948242188 ],
   "point_48" : [ 57.769477844238281, 95.990371704101562, -68.079498291015625 ],
   "point_49" : [ 58.097362518310547, 95.999168395996094, -67.274818420410156 ],
   "point_5" : [ 52.553329467773438, 99.021903991699219, -67.395065307617188 ],
   "point_50" : [ 56.435092926025391, 105.89524841308594, -66.502853393554688 ],
   "point_51" : [ 56.676956176757812, 106.40202331542969, -65.123031616210938 ],
   "point_52" : [ 56.678363800048828, 106.3070068359375, -67.75439453125 ],
   "point_53" : [ 56.902782440185547, 106.91400909423828, -63.647735595703125 ],
   "point_54" : [ 57.383834838867188, 106.89251708984375, -63.688022613525391 ],
   "point_55" : [ 57.437637329101562, 106.31266784667969, -66.723197937011719 ],
   "point_56" : [ 57.604766845703125, 106.36723327636719, -65.018577575683594 ],
   "point_57" : [ 57.190357208251953, 96.49951171875, -67.387496948242188 ],
   "point_58" : [ 57.769477844238281, 95.990371704101562, -68.079498291015625 ],
   "point_59" : [ 58.097362518310547, 95.999168395996094, -67.274818420410156 ],
   "point_6" : [ 52.572750091552734, 98.624183654785156, -65.019683837890625 ],
   "point_60" : [ 58.438983917236328, 96.005378723144531, -66.543624877929688 ],
   "point_61" : [ 58.998497009277344, 95.969268798828125, -67.03125 ],