{
   "center" : [ 207.65647888183594, -22.091468811035156, -62.432773590087891 ],
   "point_0" : [ 200.90470886230469, -20.946205139160156, -63.432746887207031 ],
   "point_1" : [ 201.3070068359375, -22.791110992431641, -63.619770050048828 ],
   "point_10" : [ 200.90470886230469, -20.946205139160156, -63.432746887207031 ],
   "point_100" : [ 212.0006103515625, -18.155984878540039, -61.813915252685547 ],
   "point_101" : [ 212.00912475585938, -17.706508636474609, -61.627761840820312 ],
   "point_102" : [ 211.58523559570312, -27.04347038269043, -59.994697570800781 ],
   "point_103" : [ 212.07997131347656, -26.571556091308594, -60.335773468017578 ],
   "point_104" : [ 212.57846069335938, -25.658042907714844, -60.392799377441406 ],
   "point_105" : [ 212.59005737304688, -26.076740264892578, -61.011692047119141 ],
   "point_106" : [ 212.43052673339844, -19.961410522460938, -62.634841918945312 ],
   "point_107" : [ 212.91932678222656, -19.499137878417969, -62.877033233642578 ],
   "point_108" : [ 212.84793090820312, -19.159395217895508, -60.970603942871094 ],
   "point_109" : [ 212.43052673339844, -19.961410522460938, -62.634841918945312 ],
   "point_11" : [ 200.97067260742188, -20.42987060546875, -64.289993286132812 ],
   "point_110" : [ 212.49795532226562, -18.120889663696289, -62.597549438476562 ],
   "point_111" : [ 212.91932678222656, -19.499137878417969, -62.877033233642578 ],
   "point_112" : [ 212.0006103515625, -18.155984878540039, -61.813915252685547 ],
   "point_113" : [ 212.84793090820312, -19.159395217895508, -60.970603942871094 ],
   "point_114" : [ 214.07666015625, -25.090404510498047, -62.5386962890625 ],
   "point_115" : [ 212.57846069335938, -25.658042907714844, -60.392799377441406 ],
   "point_116" : [ 212.59005737304688, -26.076740264892578, -61.011692047119141 ],
   "point_117" : [ 213.546142578125, -26.052017211914062, -61.761268615722656 ],
   "point_118" : [ 213.55853271484375, -25.598432540893555, -61.653812408447266 ],
   "point_119" : [ 213.58592224121094, -24.687084197998047, -61.496356964111328 ],
   "point_12" : [ 201.41044616699219, -20.908353805541992, -64.22698974609375 ],
   "point_120" : [ 213.99258422851562, -26.087001800537109, -61.452842712402344 ],
   "point_121" : [ 214.08029174804688, -24.650152206420898, -62.239055633544922 ],
   "point_122" : [ 214.07666015625, -25.090404510498047, -62.5386962890625 ],
   "point_123" : [ 213.18406677246094, -23.716039657592773, -62.018211364746094 ],
   "point_124" : [ 213.56968688964844, -23.839504241943359, -60.388404846191406 ],
   "point_125" : [ 213.5706787109375, -23.401811599731445, -60.032180786132812 ],
   "point_126" : [ 213.58592224121094, -24.687084197998047, -61.496356964111328 ],
   "point_127" : [ 214.08029174804688, -24.650152206420898, -62.239055633544922 ],
   "point_128" : [ 213.18406677246094, -23.716039657592773, -62.018211364746094 ],
   "point_129" : [ 213.21868896484375, -22.794181823730469, -62.018699645996094 ],
   "point_13" : [ 201.43367004394531, -20.44097900390625, -64.332122802734375 ],
   "point_130" : [ 213.56968688964844, -23.839504241943359, -60.388404846191406 ],
   "point_131" : [ 213.5706787109375, -23.401811599731445, -60.032180786132812 ],
   "point_132" : [ 213.606689453125, -22.476509094238281, -60.0618896484375 ],
   "point_133" : [ 213.2052001953125, -21.066856384277344, -60.228317260742188 ],
   "point_134" : [ 213.21868896484375, -22.794181823730469, -62.018699645996094 ],
   "point_135" : [ 213.25881958007812, -21.428119659423828, -61.763450622558594 ],
   "point_136" : [ 213.606689453125, -22.476509094238281, -60.0618896484375 ],
   "point_137" : [ 212.43052673339844, -19.961410522460938, -62.634841918945312 ],
   "point_138" : [ 213.2052001953125, -21.066856384277344, -60.228317260742188 ],
   "point_139" : [ 213.25881958007812, -21.428119659423828, -61.763450622558594 ],
   "point_14" : [ 201.859619140625, -20.494773864746094, -63.714374542236328 ],
   "point_140" : [ 213.25985717773438, -20.553064346313477, -61.036106109619141 ],
   "point_15" : [ 201.446044921875, -19.545072555541992, -63.938217163085938 ],
   "point_16" : [ 202.39131164550781, -19.104591369628906, -64.057754516601562 ],
   "point_17" : [ 202.14028930664062, -25.564109802246094, -63.896560668945312 ],
   "point_18" : [ 202.55209350585938, -26.077896118164062, -63.327114105224609 ],
   "point_19" : [ 202.57122802734375, -25.614765167236328, -63.359970092773438 ],
   "point_2" : [ 201.35182189941406, -21.416881561279297, -63.494369506835938 ],
   "point_20" : [ 202.58282470703125, -24.721416473388672, -62.944511413574219 ],
   "point_21" : [ 202.62330627441406, -25.110797882080078, -63.988151550292969 ],
   "point_22" : [ 203.49476623535156, -26.078342437744141, -63.712265014648438 ],
   "point_23" : [ 202.22508239746094, -23.702571868896484, -64.176689147949219 ],
   "point_24" : [ 202.58282470703125, -24.721416473388672, -62.944511413574219 ],
   "point_25" : [ 202.22508239746094, -23.702571868896484, -64.176689147949219 ],
   "point_26" : [ 201.90316772460938, -18.680646896362305, -63.256343841552734 ],
   "point_27" : [ 202.39131164550781, -19.104591369628906, -64.057754516601562 ],
   "point_28" : [ 202.3973388671875, -18.215652465820312, -63.543392181396484 ],
   "point_29" : [ 202.42742919921875, -18.62263298034668, -64.3961181640625 ],
   "point_3" : [ 201.41044616699219, -20.908353805541992, -64.22698974609375 ],
   "point_30" : [ 203.32347106933594, -18.238246917724609, -63.627632141113281 ],
   "point_31" : [ 203.48391723632812, -26.530784606933594, -63.830123901367188 ],
   "point_32" : [ 203.49476623535156, -26.078342437744141, -63.712265014648438 ],
   "point_33" : [ 204.37191772460938, -26.600786209106445, -63.216506958007812 ],
   "point_34" : [ 203.85105895996094, -26.664655685424805, -62.107772827148438 ],
   "point_35" : [ 203.32347106933594, -18.238246917724609, -63.627632141113281 ],
   "point_36" : [ 203.40434265136719, -17.705066680908203, -64.789405822753906 ],
   "point_37" : [ 204.29515075683594, -17.767129898071289, -64.241470336914062 ],
   "point_38" : [ 204.37191772460938, -26.600786209106445, -63.216506958007812 ],
   "point_39" : [ 204.29515075683594, -17.767129898071289, -64.241470336914062 ],
   "point_4" : [ 200.90470886230469, -20.946205139160156, -63.432746887207031 ],
   "point_40" : [ 205.20501708984375, -17.367366790771484, -63.713363647460938 ],
   "point_41" : [ 205.68695068359375, -16.915842056274414, -63.79290771484375 ],
   "point_42" : [ 205.21083068847656, -28.051237106323242, -62.640296936035156 ],
   "point_43" : [ 205.70758056640625, -27.578800201416016, -62.993423461914062 ],
   "point_44" : [ 206.5909423828125, -28.095006942749023, -62.594905853271484 ],
   "point_45" : [ 205.17330932617188, -27.663198471069336, -61.607620239257812 ],
   "point_46" : [ 205.18461608886719, -16.509490966796875, -62.678665161132812 ],
   "point_47" : [ 205.20501708984375, -17.367366790771484, -63.713363647460938 ],
   "point_48" : [ 205.2701416015625, -15.970335006713867, -63.962913513183594 ],
   "point_49" : [ 205.68695068359375, -16.915842056274414, -63.79290771484375 ],
   "point_5" : [ 200.97067260742188, -20.42987060546875, -64.289993286132812 ],
   "point_50" : [ 206.14117431640625, -16.937093734741211, -63.674919128417969 ],
   "point_51" : [ 206.1527099609375, -16.042705535888672, -63.234786987304688 ],
   "point_52" : [ 206.57252502441406, -16.985555648803711, -63.115928649902344 ],
   "point_53" : [ 206.61521911621094, -16.054447174072266, -63.272422790527344 ],
   "point_54" : [ 206.56036376953125, -29.011348724365234, -62.672721862792969 ],
   "point_55" : [ 206.5909423828125, -28.095006942749023, -62.594905853271484 ],
   "point_56" : [ 207.06007385253906, -28.5338134765625, -63.093605041503906 ],
   "point_57" : [ 207.48934936523438, -29.027639389038086, -62.820911407470703 ],