{
   "center" : [ 156.42808532714844, 101.50480651855469, -55.833534240722656 ],
   "point_0" : [ 150.00384521484375, 100.50563049316406, -56.328910827636719 ],
   "point_1" : [ 150.04896545410156, 100.01569366455078, -56.95733642578125 ],
   "point_10" : [ 150.13137817382812, 100.92909240722656, -57.434066772460938 ],
   "point_100" : [ 161.59884643554688, 99.118705749511719, -55.572273254394531 ],
   "point_101" : [ 161.61865234375, 100.05699157714844, -55.403511047363281 ],
   "point_102" : [ 162.04473876953125, 98.162200927734375, -55.719802856445312 ],
   "point_103" : [ 162.06239318847656, 100.04782104492188, -55.134571075439453 ],
   "point_104" : [ 162.07894897460938, 99.567466735839844, -55.515769958496094 ],
   "point_105" : [ 161.59884643554688, 99.118705749511719, -55.572273254394531 ],
   "point_106" : [ 161.61865234375, 100.05699157714844, -55.403511047363281 ],
   "point_107" : [ 162.06239318847656, 100.04782104492188, -55.134571075439453 ],
   "point_108" : [ 162.07894897460938, 99.567466735839844, -55.515769958496094 ],
   "point_109" : [ 161.74119567871094, 103.31905364990234, -55.405235290527344 ],
   "point_11" : [ 150.20283508300781, 101.84609222412109, -57.800876617431641 ],
   "point_110" : [ 161.2099609375, 104.79049682617188, -54.11651611328125 ],
   "point_111" : [ 161.74119567871094, 103.31905364990234, -55.405235290527344 ],
   "point_112" : [ 161.8009033203125, 104.71370697021484, -55.486228942871094 ],
   "point_113" : [ 161.61865234375, 100.05699157714844, -55.403511047363281 ],
   "point_114" : [ 162.06239318847656, 100.04782104492188, -55.134571075439453 ],
   "point_115" : [ 162.54472351074219, 100.96952819824219, -54.904525756835938 ],
   "point_116" : [ 162.560302734375, 101.91047668457031, -54.686126708984375 ],
   "point_117" : [ 162.61253356933594, 100.46669769287109, -55.864212036132812 ],
   "point_118" : [ 163.02304077148438, 99.998443603515625, -55.4178466796875 ],
   "point_119" : [ 163.08370971679688, 101.86636352539062, -55.313148498535156 ],
   "point_12" : [ 150.66192626953125, 102.77552795410156, -57.360481262207031 ],
   "point_120" : [ 162.54472351074219, 100.96952819824219, -54.904525756835938 ],
   "point_121" : [ 162.560302734375, 101.91047668457031, -54.686126708984375 ],
   "point_122" : [ 162.68302917480469, 102.32961273193359, -55.87091064453125 ],
   "point_123" : [ 163.08370971679688, 101.86636352539062, -55.313148498535156 ],
   "point_124" : [ 163.09190368652344, 102.33650970458984, -55.208335876464844 ],
   "point_13" : [ 150.05043029785156, 103.32644653320312, -55.742645263671875 ],
   "point_14" : [ 150.10371398925781, 102.35832214355469, -56.629535675048828 ],
   "point_15" : [ 150.19718933105469, 103.73957061767578, -57.041900634765625 ],
   "point_16" : [ 150.51866149902344, 103.78073120117188, -55.562210083007812 ],
   "point_17" : [ 150.66192626953125, 102.77552795410156, -57.360481262207031 ],
   "point_18" : [ 150.91598510742188, 99.530746459960938, -56.433406829833984 ],
   "point_19" : [ 150.92509460449219, 98.109939575195312, -57.056049346923828 ],
   "point_2" : [ 150.05674743652344, 99.540275573730469, -57.210933685302734 ],
   "point_20" : [ 151.02511596679688, 98.545188903808594, -57.891033172607422 ],
   "point_21" : [ 151.90998840332031, 98.053413391113281, -57.553993225097656 ],
   "point_22" : [ 151.00675964355469, 100.44132995605469, -56.998245239257812 ],
   "point_23" : [ 151.43074035644531, 100.43907165527344, -56.550487518310547 ],
   "point_24" : [ 150.97242736816406, 104.24121856689453, -55.233692169189453 ],
   "point_25" : [ 151.54853820800781, 104.17649841308594, -56.326026916503906 ],
   "point_26" : [ 151.90998840332031, 98.053413391113281, -57.553993225097656 ],
   "point_27" : [ 151.95639038085938, 97.092849731445312, -58.383094787597656 ],
   "point_28" : [ 152.3157958984375, 97.584892272949219, -57.09881591796875 ],
   "point_29" : [ 153.17791748046875, 97.101226806640625, -56.519187927246094 ],
   "point_3" : [ 150.13137817382812, 100.92909240722656, -57.434066772460938 ],
   "point_30" : [ 151.97193908691406, 106.07167816162109, -55.152633666992188 ],
   "point_31" : [ 151.9979248046875, 105.58624267578125, -55.596885681152344 ],
   "point_32" : [ 152.54933166503906, 105.53048706054688, -56.447341918945312 ],
   "point_33" : [ 152.84249877929688, 106.06195831298828, -54.464004516601562 ],
   "point_34" : [ 153.30345153808594, 106.04585266113281, -54.381889343261719 ],
   "point_35" : [ 153.92018127441406, 105.96038055419922, -55.918174743652344 ],
   "point_36" : [ 153.17791748046875, 97.101226806640625, -56.519187927246094 ],
   "point_37" : [ 153.30345153808594, 106.04585266113281, -54.381889343261719 ],
   "point_38" : [ 153.82913208007812, 106.47532653808594, -54.790168762207031 ],
   "point_39" : [ 153.85171508789062, 106.93963623046875, -54.843017578125 ],
   "point_4" : [ 150.65476989746094, 99.943855285644531, -58.344802856445312 ],
   "point_40" : [ 153.92018127441406, 105.96038055419922, -55.918174743652344 ],
   "point_41" : [ 154.2236328125, 106.48914337158203, -54.016090393066406 ],
   "point_42" : [ 154.26083374023438, 106.94706726074219, -54.2215576171875 ],
   "point_43" : [ 154.76483154296875, 106.91133880615234, -54.589767456054688 ],
   "point_44" : [ 154.13571166992188, 96.110633850097656, -57.108856201171875 ],
   "point_45" : [ 155.00624084472656, 96.568122863769531, -56.24505615234375 ],
   "point_46" : [ 155.56088256835938, 96.51708984375, -57.157577514648438 ],
   "point_47" : [ 156.0330810546875, 96.496223449707031, -57.206356048583984 ],
   "point_48" : [ 153.92018127441406, 105.96038055419922, -55.918174743652344 ],
   "point_49" : [ 155.22108459472656, 105.9482421875, -54.827369689941406 ],
   "point_5" : [ 150.91598510742188, 99.530746459960938, -56.433406829833984 ],
   "point_50" : [ 155.00624084472656, 96.568122863769531, -56.24505615234375 ],
   "point_51" : [ 155.56088256835938, 96.51708984375, -57.157577514648438 ],
   "point_52" : [ 156.0330810546875, 96.496223449707031, -57.206356048583984 ],
   "point_53" : [ 156.99967956542969, 95.974380493164062, -57.729209899902344 ],
   "point_54" : [ 155.2120361328125, 106.42685699462891, -54.548011779785156 ],
   "point_55" : [ 155.22108459472656, 105.9482421875, -54.827369689941406 ],
   "point_56" : [ 156.06631469726562, 106.90061187744141, -53.481704711914062 ],
   "point_57" : [ 156.19264221191406, 106.36770629882812, -55.008090972900391 ],
   "point_58" : [ 156.58000183105469, 106.86018371582031, -53.958003997802734 ],
   "point_59" : [ 156.0330810546875, 96.496223449707031, -57.206356048583984 ],
   "point_6" : [ 151.00675964355469, 100.44132995605469, -56.998245239257812 ],
   "point_60" : [ 156.99967956542969, 95.974380493164062, -57.729209899902344 ],
   "point_61" : [ 157.82199096679688, 96.449882507324219, -56.335575103759766 ],
   "point_62" : [ 156.06631469726562, 106.90061187744141, -53.481704711914062 ],
   "point_63" : [ 156.19264221191406, 106.36770629882812, -55.008090972900391 ],
   "point_64" : [ 156.58000183105469, 106.86018371582031, -53.958003997802734 ],
   "point_65" : [ 157.47068786621094, 106.84274291992188, -53.45501708984375 ],
   "point_66" : [ 157.96723937988281, 106.3350830078125, -53.942817687988281 ],
   "point_67" : [ 158.06611633300781, 106.76365661621094, -54.821136474609375 ],
   "point_68" : [ 156.99967956542969, 95.974380493164062, -57.729209899902344 ],
   "point_69" : [ 157.82199096679688, 96.449882507324219, -56.335575103759766 ],
   "point_7" : [ 151.43074035644531, 100.43907165527344, -56.550487518310547 ],
   "point_70" : [ 158.31321716308594, 95.949691772460938, -56.778312683105469 ],
   "point_71" : [ 158.3431396484375, 96.882820129394531, -56.724105834960938 ],
   "point_72" : [ 158.76707458496094, 96.407875061035156, -56.44091796875 ],
   "point_73" : [ 158.42689514160156, 105.84475708007812, -54.035125732421875 ],