{
   "center" : [ 121.8446044921875, 13.956039428710938, -10.758464813232422 ],
   "point_0" : [ 116.94460296630859, 11.906160354614258, -8.9613666534423828 ],
   "point_1" : [ 116.96589660644531, 12.246367454528809, -8.92816162109375 ],
   "point_10" : [ 117.41116333007812, 13.259623527526855, -8.7857093811035156 ],
   "point_100" : [ 122.28266143798828, 9.4095735549926758, -11.015907287597656 ],
   "point_101" : [ 122.62619781494141, 9.061737060546875, -11.049118041992188 ],
   "point_102" : [ 122.62655639648438, 9.4021158218383789, -11.069801330566406 ],
   "point_103" : [ 122.64351654052734, 9.7420473098754883, -11.048730850219727 ],
   "point_104" : [ 122.66567993164062, 10.081877708435059, -11.014617919921875 ],
   "point_105" : [ 122.90992736816406, 9.0560398101806641, -11.254240036010742 ],
   "point_106" : [ 122.93588256835938, 9.7360029220581055, -11.232206344604492 ],
   "point_107" : [ 122.99185180664062, 9.3940572738647461, -11.070121765136719 ],
   "point_108" : [ 120.98423767089844, 18.974811553955078, -10.287200927734375 ],
   "point_109" : [ 121.02734375, 18.634565353393555, -10.156309127807617 ],
   "point_11" : [ 117.60182189941406, 12.232757568359375, -9.1687488555908203 ],
   "point_110" : [ 121.35080718994141, 18.968273162841797, -10.284336090087891 ],
   "point_111" : [ 121.59651184082031, 18.619985580444336, -10.565595626831055 ],
   "point_112" : [ 121.65756225585938, 18.961139678955078, -10.432956695556641 ],
   "point_113" : [ 121.96336364746094, 18.954004287719727, -10.583841323852539 ],
   "point_114" : [ 122.56952667236328, 18.939682006835938, -10.898829460144043 ],
   "point_115" : [ 122.64270782470703, 18.599737167358398, -10.693107604980469 ],
   "point_116" : [ 122.88784027099609, 18.932672500610352, -11.017786026000977 ],
   "point_117" : [ 122.91557312011719, 18.592357635498047, -10.926511764526367 ],
   "point_118" : [ 122.66567993164062, 10.081877708435059, -11.014617919921875 ],
   "point_119" : [ 123.28810119628906, 10.068741798400879, -11.286924362182617 ],
   "point_12" : [ 117.63250732421875, 12.913461685180664, -9.1333141326904297 ],
   "point_120" : [ 123.58434295654297, 10.062558174133301, -11.460403442382812 ],
   "point_121" : [ 123.94963073730469, 10.05460262298584, -11.46110725402832 ],
   "point_122" : [ 121.96336364746094, 18.954004287719727, -10.583841323852539 ],
   "point_123" : [ 122.56952667236328, 18.939682006835938, -10.898829460144043 ],
   "point_124" : [ 122.64270782470703, 18.599737167358398, -10.693107604980469 ],
   "point_125" : [ 122.88784027099609, 18.932672500610352, -11.017786026000977 ],
   "point_126" : [ 122.91557312011719, 18.592357635498047, -10.926511764526367 ],
   "point_127" : [ 123.19390869140625, 18.925542831420898, -11.167413711547852 ],
   "point_128" : [ 123.2413330078125, 18.585416793823242, -11.026865005493164 ],
   "point_129" : [ 123.54654693603516, 18.918861389160156, -11.20025634765625 ],
   "point_13" : [ 117.67082214355469, 13.253561019897461, -9.0564517974853516 ],
   "point_130" : [ 123.85104370117188, 18.571193695068359, -11.332145690917969 ],
   "point_131" : [ 123.86667633056641, 18.230768203735352, -11.27146053314209 ],
   "point_132" : [ 123.86936187744141, 18.911893844604492, -11.307882308959961 ],
   "point_133" : [ 123.28810119628906, 10.068741798400879, -11.286924362182617 ],
   "point_134" : [ 123.58434295654297, 10.062558174133301, -11.460403442382812 ],
   "point_135" : [ 123.94963073730469, 10.05460262298584, -11.46110725402832 ],
   "point_136" : [ 124.22209167480469, 10.04902458190918, -11.693759918212891 ],
   "point_137" : [ 124.29480743408203, 10.728006362915039, -11.555330276489258 ],
   "point_138" : [ 124.52747344970703, 10.723199844360352, -11.887022018432617 ],
   "point_139" : [ 124.53798675537109, 10.042333602905273, -11.81773853302002 ],
   "point_14" : [ 117.70176696777344, 12.571736335754395, -8.9332752227783203 ],
   "point_140" : [ 124.57644653320312, 11.062429428100586, -11.786495208740234 ],
   "point_141" : [ 124.57997894287109, 10.381631851196289, -11.734621047973633 ],
   "point_142" : [ 124.84523773193359, 10.376158714294434, -11.9847412109375 ],
   "point_143" : [ 124.87715148925781, 10.71570873260498, -11.926841735839844 ],
   "point_144" : [ 124.89804077148438, 10.034515380859375, -11.831789016723633 ],
   "point_145" : [ 124.90691375732422, 11.055386543273926, -11.874298095703125 ],
   "point_146" : [ 124.89263916015625, 11.396029472351074, -11.931324005126953 ],
   "point_147" : [ 124.459228515625, 17.876010894775391, -11.5975341796875 ],
   "point_148" : [ 124.82327270507812, 17.869277954101562, -11.602254867553711 ],
   "point_149" : [ 125.06880187988281, 17.521480560302734, -11.880483627319336 ],
   "point_15" : [ 117.93888092041016, 12.225624084472656, -9.2398509979248047 ],
   "point_150" : [ 124.57644653320312, 11.062429428100586, -11.786495208740234 ],
   "point_151" : [ 124.90691375732422, 11.055386543273926, -11.874298095703125 ],
   "point_152" : [ 125.23065948486328, 11.048490524291992, -11.978830337524414 ],
   "point_153" : [ 125.54165649414062, 11.041868209838867, -12.114973068237305 ],
   "point_154" : [ 124.89263916015625, 11.396029472351074, -11.931324005126953 ],
   "point_155" : [ 125.23544311523438, 11.38874340057373, -11.988466262817383 ],
   "point_156" : [ 125.26399230957031, 11.72855281829834, -11.939001083374023 ],
   "point_157" : [ 125.57174682617188, 11.721952438354492, -12.083293914794922 ],
   "point_158" : [ 125.5789794921875, 11.381442070007324, -12.043857574462891 ],
   "point_159" : [ 125.58875274658203, 12.06201171875, -12.062623977661133 ],
   "point_16" : [ 118.03050231933594, 13.246170043945312, -9.0697002410888672 ],
   "point_160" : [ 125.86961364746094, 11.375211715698242, -12.230497360229492 ],
   "point_161" : [ 125.87438201904297, 12.055774688720703, -12.261659622192383 ],
   "point_162" : [ 125.91410827636719, 13.076170921325684, -12.227693557739258 ],
   "point_163" : [ 125.92137908935547, 12.735705375671387, -12.188203811645508 ],
   "point_164" : [ 125.58875274658203, 12.06201171875, -12.062623977661133 ],
   "point_165" : [ 125.87438201904297, 12.055774688720703, -12.261659622192383 ],
   "point_166" : [ 125.91410827636719, 13.076170921325684, -12.227693557739258 ],
   "point_167" : [ 125.92137908935547, 12.735705375671387, -12.188203811645508 ],
   "point_168" : [ 126.00729370117188, 13.415382385253906, -12.018335342407227 ],
   "point_169" : [ 126.00995635986328, 13.755823135375977, -12.033212661743164 ],
   "point_17" : [ 117.04342651367188, 13.948490142822266, -8.8369636535644531 ],
   "point_170" : [ 126.01262664794922, 14.096260070800781, -12.048089981079102 ],
   "point_171" : [ 125.70304870605469, 16.145828247070312, -12.037101745605469 ],
   "point_172" : [ 125.73233795166016, 16.486263275146484, -11.98597526550293 ],
   "point_173" : [ 125.7646484375, 16.826772689819336, -11.927349090576172 ],
   "point_174" : [ 126.00586700439453, 16.479331970214844, -12.21532154083252 ],
   "point_175" : [ 126.01310729980469, 16.819744110107422, -12.218887329101562 ],
   "point_176" : [ 126.02065277099609, 15.117576599121094, -12.092720031738281 ],
   "point_177" : [ 126.02274322509766, 16.138900756835938, -12.152072906494141 ],
   "point_178" : [ 126.02333068847656, 15.458015441894531, -12.107597351074219 ],
   "point_179" : [ 126.21820068359375, 13.069526672363281, -12.380884170532227 ],
   "point_18" : [ 117.07476043701172, 15.310977935791016, -8.843292236328125 ],
   "point_180" : [ 126.25472259521484, 14.43046760559082, -12.376480102539062 ],
   "point_181" : [ 126.52352142333984, 13.062863349914551, -12.530878067016602 ],
   "point_182" : [ 126.55494689941406, 13.402774810791016, -12.474702835083008 ],
   "point_183" : [ 126.57597351074219, 14.083225250244141, -12.465738296508789 ],
   "point_184" : [ 126.57807922363281, 13.742851257324219, -12.439046859741211 ],