{
   "center" : [ -41.172130584716797, 63.666683197021484, -22.658889770507812 ],
   "point_0" : [ -43.076892852783203, 63.444370269775391, -25.054039001464844 ],
   "point_1" : [ -43.054237365722656, 63.305900573730469, -24.85124397277832 ],
   "point_10" : [ -42.890720367431641, 63.309791564941406, -24.794776916503906 ],
   "point_100" : [ -42.085727691650391, 64.862152099609375, -24.850334167480469 ],
   "point_101" : [ -42.064346313476562, 64.722908020019531, -24.659812927246094 ],
   "point_102" : [ -41.975311279296875, 64.674942016601562, -25.186201095581055 ],
   "point_103" : [ -41.974742889404297, 64.829421997070312, -25.205162048339844 ],
   "point_104" : [ -41.931167602539062, 65.476470947265625, -24.958955764770508 ],
   "point_105" : [ -41.928913116455078, 65.169761657714844, -24.894559860229492 ],
   "point_106" : [ -41.9263916015625, 65.017364501953125, -24.851499557495117 ],
   "point_107" : [ -41.805389404296875, 65.299812316894531, -25.174526214599609 ],
   "point_108" : [ -41.641345977783203, 65.304214477539062, -25.115446090698242 ],
   "point_109" : [ -41.634868621826172, 65.617012023925781, -25.111875534057617 ],
   "point_11" : [ -42.890705108642578, 62.847366333007812, -24.723970413208008 ],
   "point_110" : [ -41.590610504150391, 65.494010925292969, -24.744760513305664 ],
   "point_111" : [ -41.301937103271484, 65.629196166992188, -24.95738410949707 ],
   "point_112" : [ -42.029075622558594, 65.981544494628906, -24.571788787841797 ],
   "point_113" : [ -41.905509948730469, 65.957138061523438, -24.82914924621582 ],
   "point_114" : [ -41.723506927490234, 65.974334716796875, -24.630868911743164 ],
   "point_115" : [ -41.653511047363281, 66.066085815429688, -25.326711654663086 ],
   "point_116" : [ -41.622959136962891, 65.779548645019531, -25.042715072631836 ],
   "point_117" : [ -41.60107421875, 65.949203491210938, -24.896133422851562 ],
   "point_118" : [ -41.305999755859375, 65.934669494628906, -25.035449981689453 ],
   "point_119" : [ -41.138141632080078, 66.095932006835938, -24.971273422241211 ],
   "point_12" : [ -42.876598358154297, 62.548599243164062, -24.565435409545898 ],
   "point_120" : [ -39.417144775390625, 63.470096588134766, -17.307151794433594 ],
   "point_121" : [ -39.879501342773438, 63.169677734375, -17.159120559692383 ],
   "point_122" : [ -39.86968994140625, 63.488513946533203, -17.130704879760742 ],
   "point_123" : [ -39.729671478271484, 63.319038391113281, -17.249309539794922 ],
   "point_124" : [ -39.729640960693359, 62.538215637207031, -17.131378173828125 ],
   "point_125" : [ -39.702648162841797, 63.024463653564453, -16.994647979736328 ],
   "point_126" : [ -39.59417724609375, 62.209819793701172, -17.261112213134766 ],
   "point_127" : [ -39.558189392089844, 63.326522827148438, -17.149770736694336 ],
   "point_128" : [ -39.554256439208984, 62.391830444335938, -16.978507995605469 ],
   "point_129" : [ -39.542522430419922, 63.493061065673828, -17.053205490112305 ],
   "point_13" : [ -42.868183135986328, 63.016902923583984, -24.569683074951172 ],
   "point_130" : [ -39.497329711914062, 62.897693634033203, -16.612630844116211 ],
   "point_131" : [ -39.360004425048828, 63.19525146484375, -16.822957992553711 ],
   "point_132" : [ -39.254596710205078, 62.065864562988281, -17.065153121948242 ],
   "point_133" : [ -39.230438232421875, 63.018901824951172, -17.021486282348633 ],
   "point_134" : [ -39.222965240478516, 63.492511749267578, -17.034833908081055 ],
   "point_135" : [ -39.2161865234375, 62.246795654296875, -16.79522705078125 ],
   "point_136" : [ -39.211269378662109, 62.718849182128906, -16.828132629394531 ],
   "point_137" : [ -39.1912841796875, 63.982227325439453, -16.863365173339844 ],
   "point_138" : [ -39.190322875976562, 62.57611083984375, -16.644655227661133 ],
   "point_139" : [ -39.183147430419922, 63.362415313720703, -16.707298278808594 ],
   "point_14" : [ -42.793067932128906, 62.960418701171875, -25.210590362548828 ],
   "point_140" : [ -39.051807403564453, 63.343421936035156, -16.915691375732422 ],
   "point_141" : [ -38.906303405761719, 62.083488464355469, -16.828170776367188 ],
   "point_142" : [ -39.417144775390625, 63.470096588134766, -17.307151794433594 ],
   "point_143" : [ -39.075931549072266, 64.577232360839844, -17.287103652954102 ],
   "point_144" : [ -39.879501342773438, 63.169677734375, -17.159120559692383 ],
   "point_145" : [ -39.86968994140625, 63.488513946533203, -17.130704879760742 ],
   "point_146" : [ -39.729671478271484, 63.319038391113281, -17.249309539794922 ],
   "point_147" : [ -39.702648162841797, 63.024463653564453, -16.994647979736328 ],
   "point_148" : [ -39.697998046875, 64.901779174804688, -17.241348266601562 ],
   "point_149" : [ -39.642066955566406, 64.783531188964844, -16.788330078125 ],
   "point_15" : [ -42.752449035644531, 63.758636474609375, -25.008146286010742 ],
   "point_150" : [ -39.558189392089844, 63.326522827148438, -17.149770736694336 ],
   "point_151" : [ -39.542522430419922, 63.493061065673828, -17.053205490112305 ],
   "point_152" : [ -39.515533447265625, 64.76080322265625, -17.034427642822266 ],
   "point_153" : [ -39.511123657226562, 64.295097351074219, -16.930107116699219 ],
   "point_154" : [ -39.495452880859375, 64.461868286132812, -16.833520889282227 ],
   "point_155" : [ -39.388504028320312, 64.582321166992188, -17.252418518066406 ],
   "point_156" : [ -39.375381469726562, 64.434959411621094, -17.128559112548828 ],
   "point_157" : [ -39.360004425048828, 63.19525146484375, -16.822957992553711 ],
   "point_158" : [ -39.230438232421875, 63.018901824951172, -17.021486282348633 ],
   "point_159" : [ -39.222965240478516, 63.492511749267578, -17.034833908081055 ],
   "point_16" : [ -42.709457397460938, 63.634189605712891, -24.645891189575195 ],
   "point_160" : [ -39.196792602539062, 64.60357666015625, -16.999300003051758 ],
   "point_161" : [ -39.1912841796875, 63.982227325439453, -16.863365173339844 ],
   "point_162" : [ -39.183147430419922, 63.362415313720703, -16.707298278808594 ],
   "point_163" : [ -39.172203063964844, 64.776382446289062, -16.835060119628906 ],
   "point_164" : [ -39.051807403564453, 63.343421936035156, -16.915691375732422 ],
   "point_165" : [ -39.036075592041016, 64.291435241699219, -16.93653678894043 ],
   "point_166" : [ -39.003269195556641, 64.469635009765625, -16.709995269775391 ],
   "point_167" : [ -38.902618408203125, 64.742286682128906, -17.198457717895508 ],
   "point_17" : [ -42.689060211181641, 63.956687927246094, -24.53223991394043 ],
   "point_18" : [ -42.639328002929688, 62.187332153320312, -25.113193511962891 ],
   "point_19" : [ -42.62664794921875, 62.812191009521484, -25.10746955871582 ],
   "point_2" : [ -43.029384613037109, 64.093734741210938, -24.772527694702148 ],
   "point_20" : [ -42.618301391601562, 62.355545043945312, -24.971309661865234 ],
   "point_21" : [ -42.616020202636719, 64.051979064941406, -25.211868286132812 ],
   "point_22" : [ -42.606395721435547, 63.750514984130859, -25.089208602905273 ],
   "point_23" : [ -42.591403961181641, 62.681953430175781, -24.806753158569336 ],
   "point_24" : [ -42.584854125976562, 63.148849487304688, -24.825798034667969 ],
   "point_25" : [ -42.574031829833984, 63.926990509033203, -24.858240127563477 ],
   "point_26" : [ -42.567352294921875, 63.469139099121094, -24.735179901123047 ],
   "point_27" : [ -42.566326141357422, 63.007305145263672, -24.656557083129883 ],
   "point_28" : [ -42.548919677734375, 63.635990142822266, -24.613758087158203 ],
   "point_29" : [ -42.481025695800781, 63.112007141113281, -25.238498687744141 ],
   "point_3" : [ -42.923900604248047, 63.441059112548828, -25.080286026000977 ],
   "point_30" : [ -42.472705841064453, 62.963603973388672, -25.149726867675781 ],
   "point_31" : [ -42.464630126953125, 62.506786346435547, -25.015884399414062 ],
   "point_32" : [ -42.448642730712891, 63.596378326416016, -25.054780960083008 ],