{
   "center" : [ 143.08261108398438, 95.756988525390625, -18.1488037109375 ],
   "point_0" : [ 140.06329345703125, 94.13873291015625, -16.910116195678711 ],
   "point_1" : [ 140.1588134765625, 94.507453918457031, -16.708827972412109 ],
   "point_10" : [ 139.97344970703125, 96.261955261230469, -16.383794784545898 ],
   "point_100" : [ 143.63664245605469, 92.593406677246094, -18.834327697753906 ],
   "point_101" : [ 143.936767578125, 92.238510131835938, -18.974159240722656 ],
   "point_102" : [ 143.97819519042969, 92.590644836425781, -18.900352478027344 ],
   "point_103" : [ 144.23394775390625, 92.563972473144531, -19.162578582763672 ],
   "point_104" : [ 144.31553649902344, 91.905433654785156, -18.934028625488281 ],
   "point_105" : [ 144.31643676757812, 92.246337890625, -18.952981948852539 ],
   "point_106" : [ 144.58525085449219, 92.223388671875, -19.185256958007812 ],
   "point_107" : [ 144.61775207519531, 92.913604736328125, -19.153142929077148 ],
   "point_108" : [ 144.64793395996094, 92.581398010253906, -19.063207626342773 ],
   "point_109" : [ 144.90873718261719, 92.556167602539062, -19.313570022583008 ],
   "point_11" : [ 139.97515869140625, 96.603713989257812, -16.40104866027832 ],
   "point_110" : [ 144.9205322265625, 92.218864440917969, -19.265697479248047 ],
   "point_111" : [ 144.98049926757812, 92.916770935058594, -19.171039581298828 ],
   "point_112" : [ 144.78096008300781, 98.85723876953125, -18.29170036315918 ],
   "point_113" : [ 145.01527404785156, 98.822380065917969, -18.603866577148438 ],
   "point_114" : [ 144.61775207519531, 92.913604736328125, -19.153142929077148 ],
   "point_115" : [ 144.98049926757812, 92.916770935058594, -19.171039581298828 ],
   "point_116" : [ 145.20921325683594, 93.223045349121094, -19.515239715576172 ],
   "point_117" : [ 145.23634338378906, 93.571197509765625, -19.474508285522461 ],
   "point_118" : [ 145.65934753417969, 93.250701904296875, -19.334506988525391 ],
   "point_119" : [ 145.67391967773438, 93.936149597167969, -19.343391418457031 ],
   "point_12" : [ 140.08111572265625, 96.976699829101562, -16.175102233886719 ],
   "point_120" : [ 145.87681579589844, 93.213272094726562, -19.68266487121582 ],
   "point_121" : [ 145.9373779296875, 94.251998901367188, -19.608200073242188 ],
   "point_122" : [ 145.94049072265625, 93.571678161621094, -19.559089660644531 ],
   "point_123" : [ 145.974853515625, 94.603240966796875, -19.54412841796875 ],
   "point_124" : [ 145.99270629882812, 93.926994323730469, -19.461633682250977 ],
   "point_125" : [ 145.61515808105469, 97.769500732421875, -18.864719390869141 ],
   "point_126" : [ 145.89288330078125, 97.4071044921875, -19.056003570556641 ],
   "point_127" : [ 145.90196228027344, 98.091560363769531, -19.077404022216797 ],
   "point_128" : [ 145.91984558105469, 97.755966186523438, -19.015758514404297 ],
   "point_129" : [ 145.67391967773438, 93.936149597167969, -19.343391418457031 ],
   "point_13" : [ 140.494140625, 96.995376586914062, -16.076192855834961 ],
   "point_130" : [ 145.9373779296875, 94.251998901367188, -19.608200073242188 ],
   "point_131" : [ 145.974853515625, 94.603240966796875, -19.54412841796875 ],
   "point_132" : [ 145.99270629882812, 93.926994323730469, -19.461633682250977 ],
   "point_133" : [ 146.1929931640625, 94.224990844726562, -19.869350433349609 ],
   "point_134" : [ 146.32940673828125, 94.604248046875, -19.581140518188477 ],
   "point_135" : [ 146.36715698242188, 94.955680847167969, -19.516586303710938 ],
   "point_136" : [ 146.59234619140625, 94.579238891601562, -19.825714111328125 ],
   "point_137" : [ 146.59524536132812, 94.239456176757812, -19.798194885253906 ],
   "point_138" : [ 146.60250854492188, 93.900894165039062, -19.760766983032227 ],
   "point_139" : [ 146.66064453125, 95.279953002929688, -19.71308708190918 ],
   "point_14" : [ 139.90615844726562, 97.606605529785156, -16.625520706176758 ],
   "point_140" : [ 146.8597412109375, 94.896049499511719, -20.080780029296875 ],
   "point_141" : [ 146.89772033691406, 94.566299438476562, -19.973991394042969 ],
   "point_142" : [ 146.95332336425781, 95.263298034667969, -19.890214920043945 ],
   "point_143" : [ 146.95753479003906, 94.242591857910156, -19.81781005859375 ],
   "point_144" : [ 146.38771057128906, 95.983695983886719, -19.533016204833984 ],
   "point_145" : [ 146.61935424804688, 95.608734130859375, -19.827571868896484 ],
   "point_146" : [ 146.65788269042969, 95.960456848144531, -19.761295318603516 ],
   "point_147" : [ 146.96859741210938, 95.608306884765625, -19.876699447631836 ],
   "point_148" : [ 147.00483703613281, 95.959381103515625, -19.815753936767578 ],
   "point_149" : [ 146.36715698242188, 94.955680847167969, -19.516586303710938 ],
   "point_15" : [ 139.92803955078125, 97.272026062011719, -16.553321838378906 ],
   "point_150" : [ 146.66064453125, 95.279953002929688, -19.71308708190918 ],
   "point_151" : [ 146.95332336425781, 95.263298034667969, -19.890214920043945 ],
   "point_152" : [ 146.37559509277344, 96.661598205566406, -19.602455139160156 ],
   "point_153" : [ 146.38771057128906, 95.983695983886719, -19.533016204833984 ],
   "point_154" : [ 146.39462280273438, 97.007835388183594, -19.580358505249023 ],
   "point_155" : [ 146.61935424804688, 95.608734130859375, -19.827571868896484 ],
   "point_156" : [ 146.65788269042969, 95.960456848144531, -19.761295318603516 ],
   "point_157" : [ 146.69068908691406, 96.31060791015625, -19.708013534545898 ],
   "point_158" : [ 146.74967956542969, 97.009201049804688, -19.616527557373047 ],
   "point_159" : [ 146.96859741210938, 95.608306884765625, -19.876699447631836 ],
   "point_16" : [ 139.97344970703125, 96.261955261230469, -16.383794784545898 ],
   "point_160" : [ 146.99757385253906, 96.979240417480469, -19.895112991333008 ],
   "point_161" : [ 147.00483703613281, 95.959381103515625, -19.815753936767578 ],
   "point_162" : [ 147.0894775390625, 96.665306091308594, -19.666452407836914 ],
   "point_17" : [ 139.97515869140625, 96.603713989257812, -16.40104866027832 ],
   "point_18" : [ 140.08111572265625, 96.976699829101562, -16.175102233886719 ],
   "point_19" : [ 140.2008056640625, 97.930953979492188, -16.822959899902344 ],
   "point_2" : [ 140.22505187988281, 93.061714172363281, -17.331455230712891 ],
   "point_20" : [ 140.36347961425781, 97.638931274414062, -16.422906875610352 ],
   "point_21" : [ 140.39895629882812, 97.308265686035156, -16.319133758544922 ],
   "point_22" : [ 140.494140625, 96.995376586914062, -16.076192855834961 ],
   "point_23" : [ 139.90228271484375, 98.287689208984375, -16.677043914794922 ],
   "point_24" : [ 139.90615844726562, 97.606605529785156, -16.625520706176758 ],
   "point_25" : [ 139.92803955078125, 97.272026062011719, -16.553321838378906 ],
   "point_26" : [ 139.97244262695312, 98.991485595703125, -16.555795669555664 ],
   "point_27" : [ 140.08111572265625, 96.976699829101562, -16.175102233886719 ],
   "point_28" : [ 140.2008056640625, 97.930953979492188, -16.822959899902344 ],
   "point_29" : [ 140.21846008300781, 98.959625244140625, -16.845422744750977 ],
   "point_3" : [ 140.28012084960938, 93.41827392578125, -17.224510192871094 ],
   "point_30" : [ 140.24369812011719, 98.28509521484375, -16.744247436523438 ],
   "point_31" : [ 140.28955078125, 98.640235900878906, -16.658697128295898 ],
   "point_32" : [ 140.36347961425781, 97.638931274414062, -16.422906875610352 ],
   "point_33" : [ 140.39895629882812, 97.308265686035156, -16.319133758544922 ],
   "point_34" : [ 140.49148559570312, 98.936111450195312, -17.071687698364258 ],
   "point_35" : [ 140.494140625, 96.995376586914062, -16.076192855834961 ],
   "point_36" : [ 140.62910461425781, 98.637062072753906, -16.730480194091797 ],
   "point_37" : [ 140.73342895507812, 98.327537536621094, -16.466714859008789 ],
   "point_38" : [ 140.83723449707031, 98.934890747070312, -17.128772735595703 ],